Hole,Round,Result,Players
1,1,Birdie,"Xander Schauffele,ÿJustin Harding,ÿTakumi Kanaya,ÿJ.B. Holmes,ÿBrandt Snedeker"
1,1,Par,"Tiger Woods,ÿDustin Johnson,ÿBrooks Koepka,ÿTony Finau,ÿFrancesco Molinari,ÿWebb Simpson,ÿPatrick Cantlay,ÿRickie Fowler,ÿJon Rahm,ÿMatt Kuchar,ÿIan Poulter,ÿJustin Thomas,ÿBubba Watson,ÿPatton Kizzire,ÿPhil Mickelson,ÿAdam Scott,ÿLucas Bjerregaard,ÿSi Woo Kim,ÿKevin Kisner,ÿThorbjorn Olesen,ÿBryson DeChambeau,ÿLouis Oosthuizen,ÿViktor Hovland,ÿTommy Fleetwood,ÿAlvaro Ortiz,ÿPatrick Reed,ÿHenrik Stenson,ÿKevin Tway,ÿJimmy Walker,ÿHaotong Li,ÿKeith Mitchell,ÿCorey Conners,ÿKevin Na,ÿKiradech Aphibarnrat,ÿTrevor Immelman,ÿMartin Kaymer,ÿEddie Pepperell,ÿDevon Bling,ÿTyrrell Hatton,ÿBilly Horschel,ÿEmiliano Grillo,ÿBernhard Langer,ÿAlex Noren,ÿSergio Garcia,ÿSandy Lyle,ÿKevin O'Connell,ÿJustin Rose,ÿDanny Willett,ÿFred Couples,ÿCharl Schwartzel,ÿShugo Imahira,ÿLarry Mize,ÿMichael Kim,ÿIan Woosnam,ÿJose Maria Olazabal"
1,1,Bogey,"Jason Day,ÿAaron Wise,ÿMatthew Fitzpatrick,ÿRory McIlroy,ÿJordan Spieth,ÿKyle Stanley,ÿCharley Hoffman,ÿCharles Howell III,ÿHideki Matsuyama,ÿGary Woodland,ÿRafa Cabrera Bello,ÿAndrew Landry,ÿMarc Leishman,ÿCameron Smith,ÿBranden Grace,ÿZach Johnson,ÿSatoshi Kodaira,ÿStewart Cink,ÿMike Weir,ÿAdam Long,ÿShane Lowry,ÿJovan Rebula,ÿMatt Wallace,ÿPaul Casey,ÿVijay Singh,ÿAngel Cabrera"
1,1,Double Bogey,Keegan Bradley
1,2,Birdie,"Brooks Koepka,ÿCharley Hoffman,ÿLouis Oosthuizen,ÿMartin Kaymer,ÿBilly Horschel,ÿBernhard Langer,ÿJustin Rose,ÿShugo Imahira"
1,2,Par,"Tiger Woods,ÿJason Day,ÿTony Finau,ÿFrancesco Molinari,ÿWebb Simpson,ÿPatrick Cantlay,ÿRickie Fowler,ÿJon Rahm,ÿJustin Harding,ÿJustin Thomas,ÿBubba Watson,ÿAaron Wise,ÿPhil Mickelson,ÿAdam Scott,ÿMatthew Fitzpatrick,ÿSi Woo Kim,ÿKevin Kisner,ÿRory McIlroy,ÿThorbjorn Olesen,ÿKyle Stanley,ÿBryson DeChambeau,ÿViktor Hovland,ÿCharles Howell III,ÿHideki Matsuyama,ÿGary Woodland,ÿRafa Cabrera Bello,ÿAlvaro Ortiz,ÿPatrick Reed,ÿHenrik Stenson,ÿJimmy Walker,ÿKeegan Bradley,ÿHaotong Li,ÿKeith Mitchell,ÿCorey Conners,ÿAndrew Landry,ÿKiradech Aphibarnrat,ÿMarc Leishman,ÿTrevor Immelman,ÿEddie Pepperell,ÿZach Johnson,ÿTakumi Kanaya,ÿSatoshi Kodaira,ÿEmiliano Grillo,ÿAlex Noren,ÿStewart Cink,ÿSergio Garcia,ÿSandy Lyle,ÿMike Weir,ÿDanny Willett,ÿFred Couples,ÿAdam Long,ÿBrandt Snedeker,ÿShane Lowry,ÿJovan Rebula,ÿPaul Casey,ÿMichael Kim,ÿVijay Singh"
1,2,Bogey,"Dustin Johnson,ÿXander Schauffele,ÿMatt Kuchar,ÿIan Poulter,ÿPatton Kizzire,ÿLucas Bjerregaard,ÿJordan Spieth,ÿTommy Fleetwood,ÿKevin Tway,ÿKevin Na,ÿCameron Smith,ÿDevon Bling,ÿTyrrell Hatton,ÿBranden Grace,ÿJ.B. Holmes,ÿKevin O'Connell,ÿCharl Schwartzel,ÿLarry Mize,ÿMatt Wallace,ÿIan Woosnam,ÿAngel Cabrera,ÿJose Maria Olazabal"
1,3,Birdie,"Tony Finau,ÿPatrick Cantlay,ÿJustin Thomas,ÿAdam Scott,ÿJordan Spieth,ÿCharley Hoffman"
1,3,Par,"Tiger Woods,ÿDustin Johnson,ÿXander Schauffele,ÿJason Day,ÿFrancesco Molinari,ÿWebb Simpson,ÿJon Rahm,ÿJustin Harding,ÿMatt Kuchar,ÿIan Poulter,ÿBubba Watson,ÿAaron Wise,ÿPatton Kizzire,ÿPhil Mickelson,ÿLucas Bjerregaard,ÿMatthew Fitzpatrick,ÿSi Woo Kim,ÿKevin Kisner,ÿRory McIlroy,ÿThorbjorn Olesen,ÿKyle Stanley,ÿBryson DeChambeau,ÿLouis Oosthuizen,ÿViktor Hovland,ÿCharles Howell III,ÿHideki Matsuyama,ÿRafa Cabrera Bello,ÿTommy Fleetwood,ÿAlvaro Ortiz,ÿPatrick Reed,ÿHenrik Stenson,ÿJimmy Walker,ÿKeegan Bradley,ÿHaotong Li,ÿCorey Conners,ÿAndrew Landry,ÿKevin Na,ÿKiradech Aphibarnrat,ÿMarc Leishman,ÿMartin Kaymer,ÿEddie Pepperell,ÿCameron Smith,ÿDevon Bling,ÿTyrrell Hatton,ÿBilly Horschel,ÿBranden Grace,ÿZach Johnson,ÿTakumi Kanaya,ÿEmiliano Grillo,ÿJ.B. Holmes,ÿBernhard Langer"
1,3,Bogey,"Brooks Koepka,ÿRickie Fowler,ÿGary Woodland,ÿKevin Tway,ÿKeith Mitchell,ÿTrevor Immelman,ÿSatoshi Kodaira,ÿAlex Noren"
1,4,Birdie,"Xander Schauffele,ÿPatrick Cantlay,ÿRickie Fowler,ÿJustin Harding,ÿPatton Kizzire,ÿRory McIlroy,ÿJordan Spieth,ÿLouis Oosthuizen,ÿViktor Hovland,ÿJimmy Walker,ÿKeith Mitchell,ÿAndrew Landry,ÿEddie Pepperell,ÿBernhard Langer"
1,4,Par,"Tiger Woods,ÿDustin Johnson,ÿBrooks Koepka,ÿJason Day,ÿTony Finau,ÿFrancesco Molinari,ÿWebb Simpson,ÿJon Rahm,ÿMatt Kuchar,ÿIan Poulter,ÿJustin Thomas,ÿBubba Watson,ÿAaron Wise,ÿAdam Scott,ÿMatthew Fitzpatrick,ÿSi Woo Kim,ÿKevin Kisner,ÿKyle Stanley,ÿBryson DeChambeau,ÿCharles Howell III,ÿHideki Matsuyama,ÿGary Woodland,ÿRafa Cabrera Bello,ÿTommy Fleetwood,ÿAlvaro Ortiz,ÿPatrick Reed,ÿHenrik Stenson,ÿHaotong Li,ÿCorey Conners,ÿKevin Na,ÿKiradech Aphibarnrat,ÿTrevor Immelman,ÿMartin Kaymer,ÿCameron Smith,ÿDevon Bling,ÿBilly Horschel,ÿBranden Grace,ÿTakumi Kanaya,ÿSatoshi Kodaira,ÿEmiliano Grillo,ÿJ.B. Holmes"
1,4,Bogey,"Phil Mickelson,ÿLucas Bjerregaard,ÿThorbjorn Olesen,ÿCharley Hoffman,ÿKevin Tway,ÿKeegan Bradley,ÿMarc Leishman,ÿZach Johnson,ÿAlex Noren"
1,4,Double Bogey,Tyrrell Hatton
2,1,Eagle,Patton Kizzire
2,1,Birdie,"Tiger Woods,ÿDustin Johnson,ÿBrooks Koepka,ÿXander Schauffele,ÿJason Day,ÿFrancesco Molinari,ÿPatrick Cantlay,ÿMatt Kuchar,ÿIan Poulter,ÿAaron Wise,ÿPhil Mickelson,ÿLucas Bjerregaard,ÿKevin Kisner,ÿJordan Spieth,ÿKyle Stanley,ÿBryson DeChambeau,ÿCharley Hoffman,ÿLouis Oosthuizen,ÿViktor Hovland,ÿGary Woodland,ÿTommy Fleetwood,ÿKevin Tway,ÿKeegan Bradley,ÿHaotong Li,ÿAndrew Landry,ÿKevin Na,ÿTrevor Immelman,ÿMartin Kaymer,ÿEddie Pepperell,ÿTyrrell Hatton,ÿBranden Grace,ÿTakumi Kanaya,ÿEmiliano Grillo,ÿBernhard Langer,ÿAlex Noren,ÿStewart Cink,ÿSandy Lyle,ÿDanny Willett,ÿFred Couples,ÿMichael Kim"
2,1,Par,"Tony Finau,ÿRickie Fowler,ÿJon Rahm,ÿJustin Harding,ÿJustin Thomas,ÿBubba Watson,ÿAdam Scott,ÿMatthew Fitzpatrick,ÿSi Woo Kim,ÿRory McIlroy,ÿThorbjorn Olesen,ÿCharles Howell III,ÿRafa Cabrera Bello,ÿAlvaro Ortiz,ÿPatrick Reed,ÿHenrik Stenson,ÿJimmy Walker,ÿKeith Mitchell,ÿCorey Conners,ÿKiradech Aphibarnrat,ÿMarc Leishman,ÿCameron Smith,ÿDevon Bling,ÿZach Johnson,ÿSatoshi Kodaira,ÿJ.B. Holmes,ÿSergio Garcia,ÿKevin O'Connell,ÿJustin Rose,ÿMike Weir,ÿAdam Long,ÿCharl Schwartzel,ÿBrandt Snedeker,ÿShane Lowry,ÿLarry Mize,ÿJovan Rebula,ÿPaul Casey,ÿVijay Singh,ÿIan Woosnam,ÿAngel Cabrera"
2,1,Bogey,"Webb Simpson,ÿHideki Matsuyama,ÿBilly Horschel,ÿShugo Imahira,ÿMatt Wallace"
2,1,Double Bogey,Jose Maria Olazabal
2,2,Birdie,"Xander Schauffele,ÿJason Day,ÿWebb Simpson,ÿJon Rahm,ÿMatt Kuchar,ÿIan Poulter,ÿJustin Thomas,ÿBubba Watson,ÿAaron Wise,ÿPatton Kizzire,ÿPhil Mickelson,ÿMatthew Fitzpatrick,ÿJordan Spieth,ÿBryson DeChambeau,ÿViktor Hovland,ÿCharles Howell III,ÿHideki Matsuyama,ÿTommy Fleetwood,ÿPatrick Reed,ÿKeegan Bradley,ÿCameron Smith,ÿBilly Horschel,ÿBranden Grace,ÿZach Johnson,ÿEmiliano Grillo,ÿAlex Noren,ÿSandy Lyle,ÿJustin Rose,ÿDanny Willett,ÿCharl Schwartzel,ÿMatt Wallace,ÿIan Woosnam"
2,2,Par,"Tiger Woods,ÿDustin Johnson,ÿTony Finau,ÿFrancesco Molinari,ÿPatrick Cantlay,ÿRickie Fowler,ÿJustin Harding,ÿAdam Scott,ÿLucas Bjerregaard,ÿSi Woo Kim,ÿKevin Kisner,ÿThorbjorn Olesen,ÿKyle Stanley,ÿCharley Hoffman,ÿLouis Oosthuizen,ÿGary Woodland,ÿRafa Cabrera Bello,ÿAlvaro Ortiz,ÿHenrik Stenson,ÿKevin Tway,ÿHaotong Li,ÿKeith Mitchell,ÿCorey Conners,ÿAndrew Landry,ÿKevin Na,ÿKiradech Aphibarnrat,ÿTrevor Immelman,ÿMartin Kaymer,ÿEddie Pepperell,ÿTyrrell Hatton,ÿTakumi Kanaya,ÿJ.B. Holmes,ÿBernhard Langer,ÿStewart Cink,ÿSergio Garcia,ÿFred Couples,ÿBrandt Snedeker,ÿShugo Imahira,ÿShane Lowry,ÿLarry Mize,ÿJovan Rebula,ÿPaul Casey,ÿMichael Kim,ÿVijay Singh,ÿAngel Cabrera"
2,2,Bogey,"Rory McIlroy,ÿJimmy Walker,ÿMarc Leishman,ÿDevon Bling,ÿSatoshi Kodaira,ÿKevin O'Connell,ÿMike Weir,ÿJose Maria Olazabal"
2,2,Double Bogey,"Brooks Koepka,ÿAdam Long"
2,3,Birdie,"Dustin Johnson,ÿBrooks Koepka,ÿXander Schauffele,ÿTony Finau,ÿWebb Simpson,ÿRickie Fowler,ÿJustin Harding,ÿAaron Wise,ÿPhil Mickelson,ÿLucas Bjerregaard,ÿMatthew Fitzpatrick,ÿSi Woo Kim,ÿThorbjorn Olesen,ÿHideki Matsuyama,ÿGary Woodland,ÿTommy Fleetwood,ÿHenrik Stenson,ÿKevin Tway,ÿHaotong Li,ÿKeith Mitchell,ÿCorey Conners,ÿAndrew Landry,ÿMarc Leishman,ÿMartin Kaymer,ÿCameron Smith,ÿTyrrell Hatton,ÿZach Johnson,ÿTakumi Kanaya,ÿSatoshi Kodaira,ÿJ.B. Holmes"
2,3,Par,"Tiger Woods,ÿJason Day,ÿFrancesco Molinari,ÿPatrick Cantlay,ÿJon Rahm,ÿMatt Kuchar,ÿIan Poulter,ÿJustin Thomas,ÿBubba Watson,ÿPatton Kizzire,ÿAdam Scott,ÿKevin Kisner,ÿRory McIlroy,ÿKyle Stanley,ÿCharley Hoffman,ÿLouis Oosthuizen,ÿViktor Hovland,ÿCharles Howell III,ÿAlvaro Ortiz,ÿPatrick Reed,ÿKeegan Bradley,ÿKevin Na,ÿTrevor Immelman,ÿEddie Pepperell,ÿBilly Horschel,ÿBranden Grace,ÿEmiliano Grillo,ÿBernhard Langer,ÿAlex Noren"
2,3,Bogey,"Bryson DeChambeau,ÿRafa Cabrera Bello,ÿJimmy Walker,ÿKiradech Aphibarnrat,ÿDevon Bling"
2,3,Double Bogey,Jordan Spieth
2,4,Birdie,"Brooks Koepka,ÿXander Schauffele,ÿJason Day,ÿPatrick Cantlay,ÿJon Rahm,ÿMatt Kuchar,ÿJustin Thomas,ÿAdam Scott,ÿMatthew Fitzpatrick,ÿSi Woo Kim,ÿRory McIlroy,ÿThorbjorn Olesen,ÿJordan Spieth,ÿCharley Hoffman,ÿViktor Hovland,ÿKevin Na,ÿTrevor Immelman,ÿMartin Kaymer,ÿEddie Pepperell,ÿTyrrell Hatton,ÿBilly Horschel,ÿJ.B. Holmes,ÿAlex Noren"
2,4,Par,"Tiger Woods,ÿDustin Johnson,ÿTony Finau,ÿFrancesco Molinari,ÿWebb Simpson,ÿRickie Fowler,ÿBubba Watson,ÿAaron Wise,ÿPatton Kizzire,ÿPhil Mickelson,ÿLucas Bjerregaard,ÿKevin Kisner,ÿKyle Stanley,ÿBryson DeChambeau,ÿLouis Oosthuizen,ÿCharles Howell III,ÿHideki Matsuyama,ÿGary Woodland,ÿRafa Cabrera Bello,ÿTommy Fleetwood,ÿAlvaro Ortiz,ÿPatrick Reed,ÿHenrik Stenson,ÿKevin Tway,ÿJimmy Walker,ÿKeegan Bradley,ÿHaotong Li,ÿKeith Mitchell,ÿCorey Conners,ÿAndrew Landry,ÿKiradech Aphibarnrat,ÿCameron Smith,ÿDevon Bling,ÿBranden Grace,ÿZach Johnson,ÿTakumi Kanaya,ÿSatoshi Kodaira,ÿEmiliano Grillo,ÿBernhard Langer"
2,4,Bogey,"Justin Harding,ÿIan Poulter,ÿMarc Leishman"
3,1,Birdie,"Webb Simpson,ÿJon Rahm,ÿJustin Harding,ÿJustin Thomas,ÿLucas Bjerregaard,ÿRory McIlroy,ÿThorbjorn Olesen,ÿLouis Oosthuizen,ÿRafa Cabrera Bello,ÿHenrik Stenson,ÿJimmy Walker,ÿHaotong Li,ÿBilly Horschel,ÿSatoshi Kodaira,ÿAdam Long,ÿShane Lowry,ÿAngel Cabrera"
3,1,Par,"Tiger Woods,ÿDustin Johnson,ÿBrooks Koepka,ÿJason Day,ÿTony Finau,ÿFrancesco Molinari,ÿPatrick Cantlay,ÿMatt Kuchar,ÿIan Poulter,ÿBubba Watson,ÿAaron Wise,ÿPatton Kizzire,ÿPhil Mickelson,ÿAdam Scott,ÿMatthew Fitzpatrick,ÿSi Woo Kim,ÿKevin Kisner,ÿKyle Stanley,ÿCharley Hoffman,ÿCharles Howell III,ÿGary Woodland,ÿTommy Fleetwood,ÿAlvaro Ortiz,ÿPatrick Reed,ÿKevin Tway,ÿKeegan Bradley,ÿKeith Mitchell,ÿAndrew Landry,ÿKevin Na,ÿKiradech Aphibarnrat,ÿMarc Leishman,ÿEddie Pepperell,ÿCameron Smith,ÿDevon Bling,ÿTyrrell Hatton,ÿBranden Grace,ÿZach Johnson,ÿTakumi Kanaya,ÿEmiliano Grillo,ÿBernhard Langer,ÿAlex Noren,ÿStewart Cink,ÿSergio Garcia,ÿSandy Lyle,ÿKevin O'Connell,ÿJustin Rose,ÿMike Weir,ÿDanny Willett,ÿCharl Schwartzel,ÿBrandt Snedeker,ÿShugo Imahira,ÿLarry Mize,ÿJovan Rebula,ÿMatt Wallace,ÿIan Woosnam,ÿJose Maria Olazabal"
3,1,Bogey,"Xander Schauffele,ÿRickie Fowler,ÿJordan Spieth,ÿBryson DeChambeau,ÿViktor Hovland,ÿHideki Matsuyama,ÿCorey Conners,ÿTrevor Immelman,ÿJ.B. Holmes,ÿFred Couples,ÿPaul Casey,ÿMichael Kim,ÿVijay Singh"
3,1,Double Bogey,Martin Kaymer
3,2,Birdie,"Brooks Koepka,ÿXander Schauffele,ÿFrancesco Molinari,ÿJon Rahm,ÿThorbjorn Olesen,ÿRafa Cabrera Bello,ÿTommy Fleetwood,ÿAlvaro Ortiz,ÿPatrick Reed,ÿHenrik Stenson,ÿCorey Conners,ÿZach Johnson,ÿFred Couples,ÿBrandt Snedeker,ÿJovan Rebula,ÿMichael Kim"
3,2,Par,"Tiger Woods,ÿDustin Johnson,ÿJason Day,ÿTony Finau,ÿWebb Simpson,ÿPatrick Cantlay,ÿJustin Harding,ÿMatt Kuchar,ÿIan Poulter,ÿJustin Thomas,ÿBubba Watson,ÿAaron Wise,ÿPatton Kizzire,ÿPhil Mickelson,ÿAdam Scott,ÿLucas Bjerregaard,ÿMatthew Fitzpatrick,ÿSi Woo Kim,ÿKevin Kisner,ÿRory McIlroy,ÿJordan Spieth,ÿKyle Stanley,ÿBryson DeChambeau,ÿCharley Hoffman,ÿLouis Oosthuizen,ÿViktor Hovland,ÿCharles Howell III,ÿHideki Matsuyama,ÿGary Woodland,ÿKevin Tway,ÿJimmy Walker,ÿKeegan Bradley,ÿHaotong Li,ÿKeith Mitchell,ÿAndrew Landry,ÿKevin Na,ÿKiradech Aphibarnrat,ÿMarc Leishman,ÿTrevor Immelman,ÿMartin Kaymer,ÿEddie Pepperell,ÿCameron Smith,ÿDevon Bling,ÿTyrrell Hatton,ÿBilly Horschel,ÿTakumi Kanaya,ÿSatoshi Kodaira,ÿEmiliano Grillo,ÿBernhard Langer,ÿAlex Noren,ÿStewart Cink,ÿKevin O'Connell,ÿMike Weir,ÿAdam Long,ÿCharl Schwartzel,ÿShugo Imahira,ÿShane Lowry,ÿLarry Mize,ÿMatt Wallace,ÿPaul Casey,ÿVijay Singh,ÿIan Woosnam,ÿAngel Cabrera"
3,2,Bogey,"Rickie Fowler,ÿBranden Grace,ÿJ.B. Holmes,ÿSergio Garcia,ÿSandy Lyle,ÿJustin Rose,ÿDanny Willett,ÿJose Maria Olazabal"
3,3,Birdie,"Brooks Koepka,ÿXander Schauffele,ÿTony Finau,ÿRickie Fowler,ÿJustin Harding,ÿMatt Kuchar,ÿJustin Thomas,ÿBubba Watson,ÿPatton Kizzire,ÿPhil Mickelson,ÿMatthew Fitzpatrick,ÿSi Woo Kim,ÿJordan Spieth,ÿKyle Stanley,ÿHideki Matsuyama,ÿPatrick Reed,ÿHenrik Stenson,ÿKevin Tway,ÿKeegan Bradley,ÿMarc Leishman,ÿTrevor Immelman,ÿDevon Bling,ÿTyrrell Hatton,ÿZach Johnson,ÿTakumi Kanaya"
3,3,Par,"Tiger Woods,ÿDustin Johnson,ÿJason Day,ÿFrancesco Molinari,ÿWebb Simpson,ÿPatrick Cantlay,ÿJon Rahm,ÿIan Poulter,ÿAaron Wise,ÿAdam Scott,ÿLucas Bjerregaard,ÿKevin Kisner,ÿRory McIlroy,ÿThorbjorn Olesen,ÿBryson DeChambeau,ÿCharley Hoffman,ÿLouis Oosthuizen,ÿViktor Hovland,ÿCharles Howell III,ÿGary Woodland,ÿRafa Cabrera Bello,ÿTommy Fleetwood,ÿAlvaro Ortiz,ÿJimmy Walker,ÿHaotong Li,ÿCorey Conners,ÿAndrew Landry,ÿKevin Na,ÿKiradech Aphibarnrat,ÿMartin Kaymer,ÿEddie Pepperell,ÿCameron Smith,ÿBilly Horschel,ÿBranden Grace,ÿSatoshi Kodaira,ÿJ.B. Holmes,ÿBernhard Langer,ÿAlex Noren"
3,3,Bogey,"Keith Mitchell,ÿEmiliano Grillo"
3,4,Birdie,"Tiger Woods,ÿPhil Mickelson,ÿKevin Kisner,ÿBryson DeChambeau,ÿCharley Hoffman,ÿGary Woodland,ÿRafa Cabrera Bello,ÿAlvaro Ortiz,ÿHaotong Li,ÿKeith Mitchell,ÿAndrew Landry"
3,4,Par,"Brooks Koepka,ÿJason Day,ÿTony Finau,ÿFrancesco Molinari,ÿWebb Simpson,ÿPatrick Cantlay,ÿRickie Fowler,ÿJustin Harding,ÿMatt Kuchar,ÿIan Poulter,ÿJustin Thomas,ÿBubba Watson,ÿAaron Wise,ÿPatton Kizzire,ÿAdam Scott,ÿLucas Bjerregaard,ÿSi Woo Kim,ÿRory McIlroy,ÿThorbjorn Olesen,ÿJordan Spieth,ÿKyle Stanley,ÿLouis Oosthuizen,ÿViktor Hovland,ÿCharles Howell III,ÿHideki Matsuyama,ÿTommy Fleetwood,ÿHenrik Stenson,ÿKevin Tway,ÿCorey Conners,ÿKevin Na,ÿMarc Leishman,ÿTrevor Immelman,ÿEddie Pepperell,ÿCameron Smith,ÿDevon Bling,ÿBilly Horschel,ÿBranden Grace,ÿTakumi Kanaya,ÿEmiliano Grillo,ÿJ.B. Holmes,ÿBernhard Langer,ÿAlex Noren"
3,4,Bogey,"Dustin Johnson,ÿXander Schauffele,ÿJon Rahm,ÿMatthew Fitzpatrick,ÿPatrick Reed,ÿJimmy Walker,ÿKeegan Bradley,ÿKiradech Aphibarnrat,ÿMartin Kaymer,ÿTyrrell Hatton,ÿZach Johnson,ÿSatoshi Kodaira"
4,1,Birdie,"Jon Rahm,ÿBryson DeChambeau,ÿKevin Tway,ÿBranden Grace,ÿEmiliano Grillo,ÿBernhard Langer"
4,1,Par,"Tiger Woods,ÿDustin Johnson,ÿBrooks Koepka,ÿXander Schauffele,ÿJason Day,ÿFrancesco Molinari,ÿWebb Simpson,ÿPatrick Cantlay,ÿRickie Fowler,ÿJustin Harding,ÿMatt Kuchar,ÿIan Poulter,ÿBubba Watson,ÿAaron Wise,ÿPatton Kizzire,ÿPhil Mickelson,ÿAdam Scott,ÿSi Woo Kim,ÿRory McIlroy,ÿThorbjorn Olesen,ÿJordan Spieth,ÿCharley Hoffman,ÿLouis Oosthuizen,ÿViktor Hovland,ÿCharles Howell III,ÿHideki Matsuyama,ÿGary Woodland,ÿRafa Cabrera Bello,ÿTommy Fleetwood,ÿAlvaro Ortiz,ÿHenrik Stenson,ÿKeegan Bradley,ÿHaotong Li,ÿCorey Conners,ÿKevin Na,ÿMarc Leishman,ÿTrevor Immelman,ÿMartin Kaymer,ÿEddie Pepperell,ÿCameron Smith,ÿDevon Bling,ÿTyrrell Hatton,ÿZach Johnson,ÿJ.B. Holmes,ÿStewart Cink,ÿSergio Garcia,ÿSandy Lyle,ÿJustin Rose,ÿDanny Willett,ÿFred Couples,ÿAdam Long,ÿShane Lowry,ÿMatt Wallace,ÿVijay Singh,ÿJose Maria Olazabal"
4,1,Bogey,"Tony Finau,ÿJustin Thomas,ÿMatthew Fitzpatrick,ÿKevin Kisner,ÿKyle Stanley,ÿPatrick Reed,ÿJimmy Walker,ÿKeith Mitchell,ÿAndrew Landry,ÿKiradech Aphibarnrat,ÿBilly Horschel,ÿTakumi Kanaya,ÿSatoshi Kodaira,ÿAlex Noren,ÿKevin O'Connell,ÿMike Weir,ÿCharl Schwartzel,ÿBrandt Snedeker,ÿLarry Mize,ÿJovan Rebula,ÿPaul Casey,ÿMichael Kim,ÿIan Woosnam,ÿAngel Cabrera"
4,1,Double Bogey,"Lucas Bjerregaard,ÿShugo Imahira"
4,2,Birdie,"Tiger Woods, Matt Kuchar, Louis Oosthuizen, Gary Woodland, Keegan Bradley, Marc Leishman, Devon Bling"
4,2,Par,"Dustin Johnson, Xander Schauffele, Jason Day, Tony Finau, Francesco Molinari, Webb Simpson, Patrick Cantlay, Rickie Fowler, Jon Rahm, Justin Harding, Ian Poulter, Justin Thomas, Bubba Watson, Aaron Wise, Patton Kizzire, Phil Mickelson, Adam Scott, Lucas Bjerregaard, Matthew Fitzpatrick, Si Woo Kim, Kevin Kisner, Rory McIlroy, Thorbjorn Olesen, Jordan Spieth, Kyle Stanley, Bryson DeChambeau, Charley Hoffman, Charles Howell III, Hideki Matsuyama, Rafa Cabrera Bello, Henrik Stenson, Kevin Tway, Jimmy Walker, Haotong Li, Keith Mitchell, Andrew Landry, Kevin Na, Kiradech Aphibarnrat, Trevor Immelman, Eddie Pepperell, Cameron Smith, Tyrrell Hatton, Zach Johnson, Satoshi Kodaira, Emiliano Grillo, J.B. Holmes, Bernhard Langer, Alex Noren, Stewart Cink, Sergio Garcia, Sandy Lyle, Kevin O'Connell, Justin Rose, Danny Willett, Fred Couples, Adam Long, Brandt Snedeker, Shugo Imahira, Shane Lowry, Larry Mize, Jovan Rebula, Matt Wallace, Paul Casey, Michael Kim, Vijay Singh, Angel Cabrera, Jose Maria Olazabal"
4,2,Bogey,"Brooks Koepka, Viktor Hovland, Tommy Fleetwood, Alvaro Ortiz, Patrick Reed, Corey Conners, Martin Kaymer, Branden Grace, Takumi Kanaya, Mike Weir, Charl Schwartzel, Ian Woosnam"
4,2,Double Bogey,Billy Horschel
4,3,Birdie,"Patrick Cantlay, Rickie Fowler, Rory McIlroy, Charley Hoffman"
4,3,Par,"Tiger Woods, Dustin Johnson, Brooks Koepka, Xander Schauffele, Jason Day, Tony Finau, Francesco Molinari, Webb Simpson, Matt Kuchar, Ian Poulter, Justin Thomas, Bubba Watson, Aaron Wise, Phil Mickelson, Adam Scott, Matthew Fitzpatrick, Kevin Kisner, Thorbjorn Olesen, Jordan Spieth, Kyle Stanley, Bryson DeChambeau, Rafa Cabrera Bello, Tommy Fleetwood, Patrick Reed, Keegan Bradley, Haotong Li, Corey Conners, Andrew Landry, Kevin Na, Martin Kaymer, Eddie Pepperell, Cameron Smith, Tyrrell Hatton, Billy Horschel, Branden Grace, Zach Johnson, Takumi Kanaya, Satoshi Kodaira, Bernhard Langer, Alex Noren"
4,3,Bogey,"Jon Rahm, Justin Harding, Patton Kizzire, Lucas Bjerregaard, Louis Oosthuizen, Viktor Hovland, Charles Howell III, Hideki Matsuyama, Gary Woodland, Alvaro Ortiz, Henrik Stenson, Kevin Tway, Jimmy Walker, Keith Mitchell, Kiradech Aphibarnrat, Marc Leishman, Trevor Immelman, Devon Bling, Emiliano Grillo, J.B. Holmes"
4,3,Double Bogey,Si Woo Kim
4,4,Birdie,"Jordan Spieth, Hideki Matsuyama, Marc Leishman"
4,4,Par,"Dustin Johnson, Brooks Koepka, Xander Schauffele, Tony Finau, Francesco Molinari, Webb Simpson, Rickie Fowler, Jon Rahm, Ian Poulter, Justin Thomas, Bubba Watson, Aaron Wise, Phil Mickelson, Lucas Bjerregaard, Matthew Fitzpatrick, Si Woo Kim, Kevin Kisner, Thorbjorn Olesen, Kyle Stanley, Bryson DeChambeau, Charley Hoffman, Louis Oosthuizen, Charles Howell III, Gary Woodland, Rafa Cabrera Bello, Tommy Fleetwood, Alvaro Ortiz, Patrick Reed, Henrik Stenson, Jimmy Walker, Keegan Bradley, Keith Mitchell, Corey Conners, Andrew Landry, Kevin Na, Kiradech Aphibarnrat, Martin Kaymer, Eddie Pepperell, Devon Bling, Tyrrell Hatton, Billy Horschel, Zach Johnson, Emiliano Grillo, J.B. Holmes, Alex Noren"
4,4,Bogey,"Tiger Woods, Jason Day, Patrick Cantlay, Justin Harding, Matt Kuchar, Patton Kizzire, Rory McIlroy, Viktor Hovland, Kevin Tway, Haotong Li, Trevor Immelman, Cameron Smith, Branden Grace, Satoshi Kodaira, Bernhard Langer"
4,4,Double Bogey,"Adam Scott, Takumi Kanaya"
5,1,Birdie,"Hideki Matsuyama, Gary Woodland, Marc Leishman, Billy Horschel"
5,1,Par,"Dustin Johnson, Brooks Koepka, Jason Day, Tony Finau, Francesco Molinari, Webb Simpson, Rickie Fowler, Matt Kuchar, Ian Poulter, Justin Thomas, Bubba Watson, Aaron Wise, Patton Kizzire, Phil Mickelson, Adam Scott, Lucas Bjerregaard, Si Woo Kim, Kevin Kisner, Rory McIlroy, Thorbjorn Olesen, Jordan Spieth, Kyle Stanley, Bryson DeChambeau, Charley Hoffman, Viktor Hovland, Charles Howell III, Rafa Cabrera Bello, Tommy Fleetwood, Patrick Reed, Jimmy Walker, Keegan Bradley, Haotong Li, Keith Mitchell, Corey Conners, Andrew Landry, Kevin Na, Kiradech Aphibarnrat, Martin Kaymer, Cameron Smith, Tyrrell Hatton, Branden Grace, Zach Johnson, Takumi Kanaya, Satoshi Kodaira, J.B. Holmes, Bernhard Langer, Alex Noren, Sergio Garcia, Mike Weir, Adam Long, Shugo Imahira, Shane Lowry, Larry Mize, Jovan Rebula, Michael Kim, Vijay Singh, Jose Maria Olazabal"
5,1,Bogey,"Tiger Woods, Xander Schauffele, Jon Rahm, Justin Harding, Matthew Fitzpatrick, Louis Oosthuizen, Alvaro Ortiz, Henrik Stenson, Kevin Tway, Trevor Immelman, Eddie Pepperell, Devon Bling, Emiliano Grillo, Stewart Cink, Sandy Lyle, Kevin O'Connell, Justin Rose, Danny Willett, Fred Couples, Charl Schwartzel, Brandt Snedeker, Matt Wallace, Ian Woosnam, Angel Cabrera"
5,1,Double Bogey,"Patrick Cantlay, Paul Casey"
5,2,Birdie,"Jason Day, Charles Howell III, Rafa Cabrera Bello, Devon Bling, Kevin O'Connell"
5,2,Par,"Dustin Johnson, Brooks Koepka, Xander Schauffele, Tony Finau, Francesco Molinari, Webb Simpson, Rickie Fowler, Jon Rahm, Justin Harding, Matt Kuchar, Ian Poulter, Justin Thomas, Patton Kizzire, Adam Scott, Lucas Bjerregaard, Matthew Fitzpatrick, Kevin Kisner, Rory McIlroy, Jordan Spieth, Bryson DeChambeau, Louis Oosthuizen, Hideki Matsuyama, Gary Woodland, Tommy Fleetwood, Alvaro Ortiz, Patrick Reed, Jimmy Walker, Haotong Li, Keith Mitchell, Corey Conners, Andrew Landry, Kevin Na, Marc Leishman, Trevor Immelman, Eddie Pepperell, Tyrrell Hatton, Branden Grace, Zach Johnson, Satoshi Kodaira, Emiliano Grillo, J.B. Holmes, Stewart Cink, Mike Weir, Fred Couples, Adam Long, Larry Mize, Matt Wallace, Paul Casey, Michael Kim"
5,2,Bogey,"Tiger Woods, Patrick Cantlay, Bubba Watson, Aaron Wise, Phil Mickelson, Si Woo Kim, Thorbjorn Olesen, Kyle Stanley, Charley Hoffman, Viktor Hovland, Henrik Stenson, Kevin Tway, Keegan Bradley, Kiradech Aphibarnrat, Martin Kaymer, Cameron Smith, Billy Horschel, Takumi Kanaya, Bernhard Langer, Sergio Garcia, Justin Rose, Danny Willett, Charl Schwartzel, Brandt Snedeker, Shugo Imahira, Shane Lowry, Jovan Rebula, Vijay Singh, Ian Woosnam, Angel Cabrera, Jose Maria Olazabal"
5,2,Double Bogey,"Alex Noren, Sandy Lyle"
5,3,Birdie,Keegan Bradley
5,3,Par,"Dustin Johnson, Xander Schauffele, Jason Day, Tony Finau, Francesco Molinari, Webb Simpson, Patrick Cantlay, Rickie Fowler, Jon Rahm, Matt Kuchar, Ian Poulter, Justin Thomas, Aaron Wise, Patton Kizzire, Matthew Fitzpatrick, Si Woo Kim, Rory McIlroy, Charley Hoffman, Rafa Cabrera Bello, Tommy Fleetwood, Alvaro Ortiz, Henrik Stenson, Kevin Tway, Jimmy Walker, Haotong Li, Keith Mitchell, Kevin Na, Marc Leishman, Martin Kaymer, Eddie Pepperell, Devon Bling, Tyrrell Hatton, Takumi Kanaya, Emiliano Grillo, Bernhard Langer, Alex Noren"
5,3,Bogey,"Tiger Woods, Brooks Koepka, Justin Harding, Bubba Watson, Phil Mickelson, Adam Scott, Kevin Kisner, Thorbjorn Olesen, Jordan Spieth, Kyle Stanley, Bryson DeChambeau, Louis Oosthuizen, Viktor Hovland, Charles Howell III, Hideki Matsuyama, Gary Woodland, Patrick Reed, Corey Conners, Andrew Landry, Kiradech Aphibarnrat, Trevor Immelman, Cameron Smith, Billy Horschel, Branden Grace, Zach Johnson, Satoshi Kodaira, J.B. Holmes"
5,3,Double Bogey,Lucas Bjerregaard
5,4,Birdie,"Patrick Cantlay, Phil Mickelson, Matthew Fitzpatrick"
5,4,Par,"Dustin Johnson, Brooks Koepka, Jason Day, Francesco Molinari, Webb Simpson, Rickie Fowler, Jon Rahm, Justin Harding, Matt Kuchar, Ian Poulter, Justin Thomas, Bubba Watson, Aaron Wise, Patton Kizzire, Kevin Kisner, Rory McIlroy, Thorbjorn Olesen, Bryson DeChambeau, Viktor Hovland, Charles Howell III, Gary Woodland, Rafa Cabrera Bello, Tommy Fleetwood, Patrick Reed, Kevin Tway, Jimmy Walker, Keegan Bradley, Keith Mitchell, Andrew Landry, Kevin Na, Kiradech Aphibarnrat, Trevor Immelman, Martin Kaymer, Devon Bling, Tyrrell Hatton, Billy Horschel, Branden Grace, Zach Johnson, Takumi Kanaya, J.B. Holmes"
5,4,Bogey,"Tiger Woods, Xander Schauffele, Tony Finau, Adam Scott, Lucas Bjerregaard, Si Woo Kim, Jordan Spieth, Kyle Stanley, Charley Hoffman, Louis Oosthuizen, Hideki Matsuyama, Alvaro Ortiz, Henrik Stenson, Corey Conners, Marc Leishman, Eddie Pepperell, Cameron Smith, Satoshi Kodaira, Emiliano Grillo, Bernhard Langer, Alex Noren"
5,4,Double Bogey,Haotong Li
6,1,Birdie,"Justin Harding, Ian Poulter, Lucas Bjerregaard, Matthew Fitzpatrick, Charley Hoffman, Henrik Stenson, Kevin Tway, Corey Conners, Kevin Na, Branden Grace, J.B. Holmes, Sandy Lyle, Shugo Imahira, Michael Kim"
6,1,Par,"Tiger Woods, Dustin Johnson, Brooks Koepka, Xander Schauffele, Jason Day, Tony Finau, Francesco Molinari, Webb Simpson, Patrick Cantlay, Rickie Fowler, Jon Rahm, Matt Kuchar, Aaron Wise, Patton Kizzire, Phil Mickelson, Adam Scott, Kevin Kisner, Thorbjorn Olesen, Kyle Stanley, Bryson DeChambeau, Louis Oosthuizen, Viktor Hovland, Charles Howell III, Hideki Matsuyama, Gary Woodland, Rafa Cabrera Bello, Tommy Fleetwood, Alvaro Ortiz, Patrick Reed, Jimmy Walker, Keegan Bradley, Keith Mitchell, Andrew Landry, Kiradech Aphibarnrat, Marc Leishman, Martin Kaymer, Cameron Smith, Devon Bling, Billy Horschel, Zach Johnson, Takumi Kanaya, Satoshi Kodaira, Emiliano Grillo, Alex Noren, Stewart Cink, Kevin O'Connell, Justin Rose, Mike Weir, Fred Couples, Adam Long, Brandt Snedeker, Shane Lowry, Jovan Rebula, Matt Wallace, Paul Casey, Vijay Singh, Ian Woosnam, Jose Maria Olazabal"
6,1,Bogey,"Justin Thomas, Bubba Watson, Si Woo Kim, Rory McIlroy, Haotong Li, Trevor Immelman, Eddie Pepperell, Tyrrell Hatton, Bernhard Langer, Danny Willett, Charl Schwartzel, Larry Mize, Angel Cabrera"
6,1,Double Bogey,"Jordan Spieth, Sergio Garcia"
6,2,Birdie,"Tiger Woods, Rickie Fowler, Matt Kuchar, Justin Thomas, Rory McIlroy, Louis Oosthuizen, Brandt Snedeker, Angel Cabrera"
6,2,Par,"Dustin Johnson, Xander Schauffele, Jason Day, Tony Finau, Francesco Molinari, Webb Simpson, Patrick Cantlay, Jon Rahm, Justin Harding, Ian Poulter, Bubba Watson, Aaron Wise, Patton Kizzire, Phil Mickelson, Adam Scott, Lucas Bjerregaard, Matthew Fitzpatrick, Si Woo Kim, Thorbjorn Olesen, Jordan Spieth, Kyle Stanley, Bryson DeChambeau, Charley Hoffman, Viktor Hovland, Charles Howell III, Hideki Matsuyama, Gary Woodland, Rafa Cabrera Bello, Henrik Stenson, Kevin Tway, Jimmy Walker, Keegan Bradley, Keith Mitchell, Corey Conners, Andrew Landry, Kevin Na, Kiradech Aphibarnrat, Marc Leishman, Trevor Immelman, Martin Kaymer, Eddie Pepperell, Cameron Smith, Devon Bling, Tyrrell Hatton, Billy Horschel, Branden Grace, Zach Johnson, Takumi Kanaya, Satoshi Kodaira, Emiliano Grillo, J.B. Holmes, Alex Noren, Stewart Cink, Sergio Garcia, Sandy Lyle, Kevin O'Connell, Justin Rose, Mike Weir, Fred Couples, Adam Long, Charl Schwartzel, Shugo Imahira, Shane Lowry, Larry Mize, Jovan Rebula, Matt Wallace, Paul Casey, Michael Kim, Vijay Singh, Ian Woosnam, Jose Maria Olazabal"
6,2,Bogey,"Brooks Koepka, Kevin Kisner, Tommy Fleetwood, Alvaro Ortiz, Patrick Reed, Haotong Li, Bernhard Langer, Danny Willett"
6,3,Birdie,"Tiger Woods, Brooks Koepka, Xander Schauffele, Jason Day, Tony Finau, Francesco Molinari, Patrick Cantlay, Matt Kuchar, Si Woo Kim, Thorbjorn Olesen, Hideki Matsuyama, Tommy Fleetwood, Cameron Smith, Tyrrell Hatton, Takumi Kanaya, Alex Noren"
6,3,Par,"Rickie Fowler, Jon Rahm, Justin Harding, Ian Poulter, Justin Thomas, Bubba Watson, Aaron Wise, Patton Kizzire, Phil Mickelson, Adam Scott, Lucas Bjerregaard, Matthew Fitzpatrick, Kevin Kisner, Jordan Spieth, Kyle Stanley, Bryson DeChambeau, Charley Hoffman, Louis Oosthuizen, Charles Howell III, Gary Woodland, Rafa Cabrera Bello, Alvaro Ortiz, Patrick Reed, Henrik Stenson, Kevin Tway, Jimmy Walker, Keith Mitchell, Corey Conners, Andrew Landry, Kevin Na, Kiradech Aphibarnrat, Marc Leishman, Trevor Immelman, Martin Kaymer, Eddie Pepperell, Devon Bling, Billy Horschel, Branden Grace, Emiliano Grillo, J.B. Holmes"
6,3,Bogey,"Dustin Johnson, Webb Simpson, Rory McIlroy, Viktor Hovland, Keegan Bradley, Haotong Li, Satoshi Kodaira, Bernhard Langer"
6,3,Double Bogey,Zach Johnson
6,4,Birdie,"Justin Harding, Ian Poulter, Aaron Wise, Phil Mickelson, Kyle Stanley, Charley Hoffman, Trevor Immelman, Eddie Pepperell, Branden Grace, Satoshi Kodaira"
6,4,Par,"Tiger Woods, Dustin Johnson, Xander Schauffele, Jason Day, Tony Finau, Francesco Molinari, Patrick Cantlay, Rickie Fowler, Justin Thomas, Bubba Watson, Patton Kizzire, Adam Scott, Lucas Bjerregaard, Matthew Fitzpatrick, Si Woo Kim, Kevin Kisner, Thorbjorn Olesen, Jordan Spieth, Bryson DeChambeau, Louis Oosthuizen, Charles Howell III, Hideki Matsuyama, Rafa Cabrera Bello, Tommy Fleetwood, Alvaro Ortiz, Patrick Reed, Kevin Tway, Keegan Bradley, Haotong Li, Keith Mitchell, Corey Conners, Andrew Landry, Kevin Na, Marc Leishman, Martin Kaymer, Cameron Smith, Devon Bling, Billy Horschel, Zach Johnson, Bernhard Langer, Alex Noren"
6,4,Bogey,"Brooks Koepka, Webb Simpson, Jon Rahm, Matt Kuchar, Rory McIlroy, Viktor Hovland, Gary Woodland, Henrik Stenson, Jimmy Walker, Kiradech Aphibarnrat, Tyrrell Hatton, Takumi Kanaya, Emiliano Grillo, J.B. Holmes"
7,1,Birdie,"Aaron Wise, Gary Woodland, Tommy Fleetwood, Martin Kaymer, Eddie Pepperell, Cameron Smith"
7,1,Par,"Tiger Woods, Dustin Johnson, Brooks Koepka, Xander Schauffele, Jason Day, Tony Finau, Francesco Molinari, Patrick Cantlay, Rickie Fowler, Jon Rahm, Justin Harding, Matt Kuchar, Ian Poulter, Justin Thomas, Bubba Watson, Patton Kizzire, Phil Mickelson, Lucas Bjerregaard, Si Woo Kim, Rory McIlroy, Thorbjorn Olesen, Jordan Spieth, Kyle Stanley, Bryson DeChambeau, Charley Hoffman, Charles Howell III, Hideki Matsuyama, Rafa Cabrera Bello, Alvaro Ortiz, Henrik Stenson, Jimmy Walker, Haotong Li, Keith Mitchell, Andrew Landry, Kiradech Aphibarnrat, Marc Leishman, Devon Bling, Tyrrell Hatton, Takumi Kanaya, Satoshi Kodaira, J.B. Holmes, Bernhard Langer, Stewart Cink, Sergio Garcia, Sandy Lyle, Kevin O'Connell, Danny Willett, Fred Couples, Adam Long, Charl Schwartzel, Brandt Snedeker, Shugo Imahira, Larry Mize, Jovan Rebula, Matt Wallace, Paul Casey, Jose Maria Olazabal"
7,1,Bogey,"Webb Simpson, Adam Scott, Matthew Fitzpatrick, Kevin Kisner, Louis Oosthuizen, Viktor Hovland, Patrick Reed, Kevin Tway, Keegan Bradley, Corey Conners, Kevin Na, Trevor Immelman, Billy Horschel, Branden Grace, Zach Johnson, Alex Noren, Justin Rose, Mike Weir, Shane Lowry, Michael Kim, Ian Woosnam, Angel Cabrera"
7,1,Double Bogey,"Emiliano Grillo, Vijay Singh"
7,2,Eagle,Keith Mitchell
7,2,Birdie,"Louis Oosthuizen, Andrew Landry, Kiradech Aphibarnrat, Satoshi Kodaira, Kevin O'Connell, Danny Willett, Ian Woosnam"
7,2,Par,"Tiger Woods, Dustin Johnson, Brooks Koepka, Xander Schauffele, Jason Day, Tony Finau, Francesco Molinari, Webb Simpson, Patrick Cantlay, Rickie Fowler, Jon Rahm, Justin Harding, Ian Poulter, Justin Thomas, Bubba Watson, Aaron Wise, Patton Kizzire, Phil Mickelson, Adam Scott, Lucas Bjerregaard, Matthew Fitzpatrick, Kevin Kisner, Rory McIlroy, Thorbjorn Olesen, Jordan Spieth, Charley Hoffman, Viktor Hovland, Charles Howell III, Hideki Matsuyama, Gary Woodland, Rafa Cabrera Bello, Tommy Fleetwood, Alvaro Ortiz, Patrick Reed, Kevin Tway, Jimmy Walker, Kevin Na, Marc Leishman, Martin Kaymer, Eddie Pepperell, Cameron Smith, Devon Bling, Tyrrell Hatton, Branden Grace, J.B. Holmes, Bernhard Langer, Alex Noren, Stewart Cink, Sergio Garcia, Sandy Lyle, Justin Rose, Mike Weir, Adam Long, Charl Schwartzel, Brandt Snedeker, Shugo Imahira, Larry Mize, Jovan Rebula, Matt Wallace, Paul Casey, Michael Kim, Vijay Singh, Angel Cabrera"
7,2,Bogey,"Matt Kuchar, Si Woo Kim, Kyle Stanley, Bryson DeChambeau, Henrik Stenson, Haotong Li, Corey Conners, Trevor Immelman, Billy Horschel, Zach Johnson, Takumi Kanaya, Emiliano Grillo, Fred Couples, Shane Lowry, Jose Maria Olazabal"
7,2,Double Bogey,Keegan Bradley
7,3,Birdie,"Tiger Woods, Webb Simpson, Aaron Wise, Kyle Stanley, Louis Oosthuizen, Viktor Hovland, Charles Howell III, Hideki Matsuyama, Andrew Landry, Devon Bling"
7,3,Par,"Dustin Johnson, Tony Finau, Francesco Molinari, Patrick Cantlay, Rickie Fowler, Jon Rahm, Justin Harding, Matt Kuchar, Ian Poulter, Justin Thomas, Bubba Watson, Phil Mickelson, Adam Scott, Lucas Bjerregaard, Kevin Kisner, Thorbjorn Olesen, Jordan Spieth, Bryson DeChambeau, Charley Hoffman, Tommy Fleetwood, Patrick Reed, Henrik Stenson, Jimmy Walker, Corey Conners, Kiradech Aphibarnrat, Trevor Immelman, Cameron Smith, Tyrrell Hatton, Branden Grace, Zach Johnson, Satoshi Kodaira, Emiliano Grillo, J.B. Holmes, Bernhard Langer, Alex Noren"
7,3,Bogey,"Brooks Koepka, Xander Schauffele, Jason Day, Patton Kizzire, Matthew Fitzpatrick, Si Woo Kim, Rory McIlroy, Gary Woodland, Rafa Cabrera Bello, Alvaro Ortiz, Kevin Tway, Keegan Bradley, Haotong Li, Keith Mitchell, Kevin Na, Marc Leishman, Martin Kaymer, Eddie Pepperell, Billy Horschel, Takumi Kanaya"
7,4,Birdie,"Tiger Woods, Jason Day, Patrick Cantlay, Jon Rahm, Ian Poulter, Aaron Wise, Patton Kizzire, Lucas Bjerregaard, Bryson DeChambeau, Charley Hoffman, Viktor Hovland, Tommy Fleetwood, Kevin Tway, Jimmy Walker, Haotong Li, Marc Leishman, Eddie Pepperell, Satoshi Kodaira"
7,4,Par,"Dustin Johnson, Brooks Koepka, Tony Finau, Webb Simpson, Matt Kuchar, Justin Thomas, Bubba Watson, Phil Mickelson, Adam Scott, Matthew Fitzpatrick, Si Woo Kim, Rory McIlroy, Thorbjorn Olesen, Kyle Stanley, Louis Oosthuizen, Charles Howell III, Hideki Matsuyama, Rafa Cabrera Bello, Alvaro Ortiz, Patrick Reed, Henrik Stenson, Keegan Bradley, Keith Mitchell, Corey Conners, Andrew Landry, Martin Kaymer, Devon Bling, Tyrrell Hatton, Zach Johnson, J.B. Holmes, Alex Noren"
7,4,Bogey,"Xander Schauffele, Francesco Molinari, Rickie Fowler, Justin Harding, Jordan Spieth, Gary Woodland, Kevin Na, Trevor Immelman, Cameron Smith, Billy Horschel, Branden Grace, Takumi Kanaya, Emiliano Grillo"
7,4,Double Bogey,"Kevin Kisner, Kiradech Aphibarnrat, Bernhard Langer"
8,1,Eagle,Billy Horschel
8,1,Birdie,"Dustin Johnson, Jason Day, Tony Finau, Webb Simpson, Justin Thomas, Bubba Watson, Patton Kizzire, Phil Mickelson, Adam Scott, Kevin Kisner, Rory McIlroy, Thorbjorn Olesen, Kyle Stanley, Bryson DeChambeau, Charles Howell III, Rafa Cabrera Bello, Alvaro Ortiz, Kevin Tway, Jimmy Walker, Keegan Bradley, Haotong Li, Andrew Landry, Marc Leishman, Martin Kaymer, Cameron Smith, Tyrrell Hatton, Emiliano Grillo, Bernhard Langer, Stewart Cink, Sergio Garcia, Mike Weir, Charl Schwartzel, Shugo Imahira, Larry Mize, Jovan Rebula"
8,1,Par,"Tiger Woods, Brooks Koepka, Xander Schauffele, Francesco Molinari, Patrick Cantlay, Rickie Fowler, Justin Harding, Matt Kuchar, Ian Poulter, Aaron Wise, Lucas Bjerregaard, Matthew Fitzpatrick, Si Woo Kim, Jordan Spieth, Charley Hoffman, Louis Oosthuizen, Viktor Hovland, Hideki Matsuyama, Gary Woodland, Tommy Fleetwood, Patrick Reed, Henrik Stenson, Keith Mitchell, Corey Conners, Kevin Na, Kiradech Aphibarnrat, Trevor Immelman, Eddie Pepperell, Devon Bling, Branden Grace, Zach Johnson, Takumi Kanaya, Satoshi Kodaira, J.B. Holmes, Alex Noren, Sandy Lyle, Kevin O'Connell, Danny Willett, Adam Long, Brandt Snedeker, Shane Lowry, Matt Wallace, Paul Casey, Michael Kim, Ian Woosnam, Jose Maria Olazabal"
8,1,Bogey,"Jon Rahm, Justin Rose, Fred Couples, Vijay Singh, Angel Cabrera"
8,2,Eagle,Rory McIlroy
8,2,Birdie,"Brooks Koepka, Xander Schauffele, Jason Day, Tony Finau, Francesco Molinari, Webb Simpson, Patrick Cantlay, Rickie Fowler, Matt Kuchar, Justin Thomas, Aaron Wise, Adam Scott, Lucas Bjerregaard, Si Woo Kim, Kyle Stanley, Bryson DeChambeau, Charles Howell III, Hideki Matsuyama, Gary Woodland, Henrik Stenson, Kevin Tway, Keegan Bradley, Haotong Li, Keith Mitchell, Corey Conners, Trevor Immelman, Billy Horschel, Branden Grace, Satoshi Kodaira, Kevin O'Connell, Matt Wallace, Angel Cabrera"
8,2,Par,"Dustin Johnson, Jon Rahm, Justin Harding, Ian Poulter, Bubba Watson, Patton Kizzire, Matthew Fitzpatrick, Kevin Kisner, Thorbjorn Olesen, Jordan Spieth, Charley Hoffman, Viktor Hovland, Rafa Cabrera Bello, Tommy Fleetwood, Alvaro Ortiz, Patrick Reed, Jimmy Walker, Andrew Landry, Kevin Na, Kiradech Aphibarnrat, Marc Leishman, Martin Kaymer, Eddie Pepperell, Cameron Smith, Devon Bling, Tyrrell Hatton, Zach Johnson, Takumi Kanaya, Emiliano Grillo, J.B. Holmes, Bernhard Langer, Alex Noren, Stewart Cink, Sergio Garcia, Justin Rose, Mike Weir, Danny Willett, Fred Couples, Adam Long, Charl Schwartzel, Brandt Snedeker, Shugo Imahira, Shane Lowry, Larry Mize, Jovan Rebula, Paul Casey, Vijay Singh, Ian Woosnam, Jose Maria Olazabal"
8,2,Bogey,"Tiger Woods, Phil Mickelson, Louis Oosthuizen, Sandy Lyle, Michael Kim"
8,3,Eagle,Tony Finau
8,3,Birdie,"Tiger Woods, Dustin Johnson, Brooks Koepka, Xander Schauffele, Francesco Molinari, Webb Simpson, Rickie Fowler, Ian Poulter, Bubba Watson, Lucas Bjerregaard, Matthew Fitzpatrick, Kevin Kisner, Thorbjorn Olesen, Louis Oosthuizen, Charles Howell III, Gary Woodland, Patrick Reed, Henrik Stenson, Kevin Tway, Keith Mitchell, Andrew Landry, Eddie Pepperell, Devon Bling, Takumi Kanaya, Emiliano Grillo, Bernhard Langer"
8,3,Par,"Jason Day, Patrick Cantlay, Jon Rahm, Justin Harding, Matt Kuchar, Justin Thomas, Aaron Wise, Patton Kizzire, Phil Mickelson, Adam Scott, Si Woo Kim, Rory McIlroy, Jordan Spieth, Kyle Stanley, Bryson DeChambeau, Charley Hoffman, Viktor Hovland, Hideki Matsuyama, Rafa Cabrera Bello, Tommy Fleetwood, Alvaro Ortiz, Jimmy Walker, Keegan Bradley, Haotong Li, Corey Conners, Kevin Na, Martin Kaymer, Cameron Smith, Tyrrell Hatton, Billy Horschel, Branden Grace, Satoshi Kodaira, J.B. Holmes, Alex Noren"
8,3,Bogey,"Kiradech Aphibarnrat, Marc Leishman, Trevor Immelman, Zach Johnson"
8,4,Eagle,Jon Rahm
8,4,Birdie,"Tiger Woods, Dustin Johnson, Brooks Koepka, Xander Schauffele, Jason Day, Tony Finau, Francesco Molinari, Rickie Fowler, Matt Kuchar, Patton Kizzire, Adam Scott, Lucas Bjerregaard, Matthew Fitzpatrick, Si Woo Kim, Rory McIlroy, Thorbjorn Olesen, Kyle Stanley, Charles Howell III, Hideki Matsuyama, Rafa Cabrera Bello, Alvaro Ortiz, Patrick Reed, Corey Conners, Andrew Landry, Marc Leishman, Devon Bling, Billy Horschel, Branden Grace, Zach Johnson"
8,4,Par,"Webb Simpson, Patrick Cantlay, Justin Harding, Ian Poulter, Justin Thomas, Bubba Watson, Aaron Wise, Phil Mickelson, Kevin Kisner, Jordan Spieth, Bryson DeChambeau, Charley Hoffman, Louis Oosthuizen, Viktor Hovland, Gary Woodland, Tommy Fleetwood, Henrik Stenson, Kevin Tway, Jimmy Walker, Keegan Bradley, Haotong Li, Keith Mitchell, Trevor Immelman, Martin Kaymer, Eddie Pepperell, Cameron Smith, Tyrrell Hatton, Takumi Kanaya, Emiliano Grillo, J.B. Holmes, Bernhard Langer, Alex Noren"
8,4,Bogey,"Kevin Na, Kiradech Aphibarnrat, Satoshi Kodaira"
9,1,Birdie,"Tiger Woods, Xander Schauffele, Jon Rahm, Adam Scott, Matthew Fitzpatrick, Si Woo Kim, Devon Bling, Tyrrell Hatton, Branden Grace"
9,1,Par,"Dustin Johnson, Brooks Koepka, Jason Day, Tony Finau, Francesco Molinari, Webb Simpson, Patrick Cantlay, Rickie Fowler, Justin Harding, Matt Kuchar, Justin Thomas, Bubba Watson, Aaron Wise, Patton Kizzire, Phil Mickelson, Lucas Bjerregaard, Kevin Kisner, Rory McIlroy, Thorbjorn Olesen, Louis Oosthuizen, Viktor Hovland, Charles Howell III, Hideki Matsuyama, Gary Woodland, Tommy Fleetwood, Alvaro Ortiz, Patrick Reed, Henrik Stenson, Keegan Bradley, Haotong Li, Keith Mitchell, Corey Conners, Andrew Landry, Kevin Na, Kiradech Aphibarnrat, Marc Leishman, Trevor Immelman, Eddie Pepperell, Billy Horschel, Zach Johnson, Takumi Kanaya, Emiliano Grillo, J.B. Holmes, Bernhard Langer, Alex Noren, Stewart Cink, Sergio Garcia, Sandy Lyle, Mike Weir, Danny Willett, Fred Couples, Charl Schwartzel, Brandt Snedeker, Larry Mize, Jovan Rebula, Paul Casey, Ian Woosnam, Angel Cabrera, Jose Maria Olazabal"
9,1,Bogey,"Ian Poulter, Jordan Spieth, Kyle Stanley, Bryson DeChambeau, Charley Hoffman, Rafa Cabrera Bello, Kevin Tway, Jimmy Walker, Martin Kaymer, Cameron Smith, Satoshi Kodaira, Kevin O'Connell, Justin Rose, Adam Long, Shugo Imahira, Shane Lowry, Matt Wallace, Michael Kim, Vijay Singh"
9,2,Birdie,"Tiger Woods, Xander Schauffele, Francesco Molinari, Phil Mickelson, Jordan Spieth, Charley Hoffman, Charles Howell III, Kevin Na, Fred Couples"
9,2,Par,"Dustin Johnson, Brooks Koepka, Jason Day, Webb Simpson, Patrick Cantlay, Rickie Fowler, Jon Rahm, Justin Harding, Matt Kuchar, Ian Poulter, Justin Thomas, Bubba Watson, Patton Kizzire, Adam Scott, Lucas Bjerregaard, Matthew Fitzpatrick, Si Woo Kim, Rory McIlroy, Thorbjorn Olesen, Kyle Stanley, Louis Oosthuizen, Viktor Hovland, Hideki Matsuyama, Gary Woodland, Rafa Cabrera Bello, Tommy Fleetwood, Alvaro Ortiz, Patrick Reed, Henrik Stenson, Kevin Tway, Jimmy Walker, Haotong Li, Corey Conners, Andrew Landry, Kiradech Aphibarnrat, Marc Leishman, Trevor Immelman, Martin Kaymer, Eddie Pepperell, Cameron Smith, Tyrrell Hatton, Billy Horschel, Zach Johnson, Takumi Kanaya, Satoshi Kodaira, J.B. Holmes, Sergio Garcia, Kevin O'Connell, Justin Rose, Adam Long, Charl Schwartzel, Brandt Snedeker, Shugo Imahira, Shane Lowry, Larry Mize, Jovan Rebula, Paul Casey, Michael Kim, Ian Woosnam"
9,2,Bogey,"Tony Finau, Aaron Wise, Kevin Kisner, Bryson DeChambeau, Keegan Bradley, Keith Mitchell, Devon Bling, Branden Grace, Emiliano Grillo, Bernhard Langer, Alex Noren, Stewart Cink, Sandy Lyle, Mike Weir, Danny Willett, Matt Wallace, Angel Cabrera, Jose Maria Olazabal"
9,2,Double Bogey,Vijay Singh
9,3,Birdie,"Webb Simpson, Patrick Cantlay, Ian Poulter, Bryson DeChambeau, Charles Howell III, Hideki Matsuyama, Gary Woodland, Keegan Bradley, Kevin Na, Marc Leishman, Trevor Immelman, Takumi Kanaya, Bernhard Langer"
9,3,Par,"Tiger Woods, Dustin Johnson, Brooks Koepka, Xander Schauffele, Jason Day, Tony Finau, Francesco Molinari, Rickie Fowler, Jon Rahm, Justin Harding, Matt Kuchar, Justin Thomas, Bubba Watson, Patton Kizzire, Phil Mickelson, Adam Scott, Lucas Bjerregaard, Matthew Fitzpatrick, Si Woo Kim, Kevin Kisner, Thorbjorn Olesen, Jordan Spieth, Kyle Stanley, Charley Hoffman, Louis Oosthuizen, Viktor Hovland, Tommy Fleetwood, Patrick Reed, Henrik Stenson, Kevin Tway, Jimmy Walker, Haotong Li, Keith Mitchell, Corey Conners, Kiradech Aphibarnrat, Martin Kaymer, Eddie Pepperell, Cameron Smith, Devon Bling, Tyrrell Hatton, Branden Grace, Zach Johnson, Satoshi Kodaira, Emiliano Grillo, J.B. Holmes"
9,3,Bogey,"Aaron Wise, Rory McIlroy, Rafa Cabrera Bello, Alvaro Ortiz, Andrew Landry, Billy Horschel, Alex Noren"
9,4,Birdie,"Xander Schauffele, Bubba Watson, Si Woo Kim, Rafa Cabrera Bello, Tommy Fleetwood, Henrik Stenson, Keith Mitchell, Trevor Immelman, Branden Grace, Takumi Kanaya"
9,4,Par,"Tiger Woods, Dustin Johnson, Brooks Koepka, Jason Day, Tony Finau, Francesco Molinari, Webb Simpson, Patrick Cantlay, Rickie Fowler, Jon Rahm, Justin Harding, Matt Kuchar, Ian Poulter, Justin Thomas, Aaron Wise, Patton Kizzire, Phil Mickelson, Adam Scott, Lucas Bjerregaard, Kevin Kisner, Rory McIlroy, Thorbjorn Olesen, Jordan Spieth, Kyle Stanley, Bryson DeChambeau, Charles Howell III, Hideki Matsuyama, Gary Woodland, Patrick Reed, Kevin Tway, Keegan Bradley, Haotong Li, Andrew Landry, Kevin Na, Kiradech Aphibarnrat, Marc Leishman, Martin Kaymer, Eddie Pepperell, Cameron Smith, Devon Bling, Tyrrell Hatton, Billy Horschel, Zach Johnson, Bernhard Langer, Alex Noren"
9,4,Bogey,"Matthew Fitzpatrick, Charley Hoffman, Louis Oosthuizen, Viktor Hovland, Alvaro Ortiz, Jimmy Walker, Corey Conners, Satoshi Kodaira, Emiliano Grillo, J.B. Holmes"
10,1,Birdie,"Brooks Koepka, Aaron Wise, Charles Howell III, Patrick Reed, Trevor Immelman, Zach Johnson, Michael Kim"
10,1,Par,"Tiger Woods, Xander Schauffele, Jason Day, Tony Finau, Francesco Molinari, Rickie Fowler, Jon Rahm, Justin Harding, Matt Kuchar, Ian Poulter, Justin Thomas, Bubba Watson, Patton Kizzire, Adam Scott, Lucas Bjerregaard, Matthew Fitzpatrick, Kevin Kisner, Thorbjorn Olesen, Jordan Spieth, Bryson DeChambeau, Louis Oosthuizen, Viktor Hovland, Gary Woodland, Alvaro Ortiz, Kevin Tway, Jimmy Walker, Keith Mitchell, Corey Conners, Kevin Na, Kiradech Aphibarnrat, Cameron Smith, Devon Bling, Satoshi Kodaira, Emiliano Grillo, J.B. Holmes, Stewart Cink, Sandy Lyle, Kevin O'Connell, Justin Rose, Mike Weir, Fred Couples, Adam Long, Charl Schwartzel, Brandt Snedeker, Larry Mize, Matt Wallace, Paul Casey, Ian Woosnam, Jose Maria Olazabal"
10,1,Bogey,"Dustin Johnson, Webb Simpson, Patrick Cantlay, Phil Mickelson, Si Woo Kim, Rory McIlroy, Kyle Stanley, Charley Hoffman, Tommy Fleetwood, Henrik Stenson, Keegan Bradley, Haotong Li, Andrew Landry, Martin Kaymer, Eddie Pepperell, Tyrrell Hatton, Billy Horschel, Branden Grace, Takumi Kanaya, Bernhard Langer, Sergio Garcia, Shugo Imahira, Shane Lowry, Jovan Rebula, Vijay Singh, Angel Cabrera"
10,1,Double Bogey,"Hideki Matsuyama, Marc Leishman, Alex Noren"
10,1,Other,"Rafa Cabrera Bello, Danny Willett"
10,2,Birdie,"Dustin Johnson, Tony Finau, Jordan Spieth, Viktor Hovland, Keegan Bradley, Satoshi Kodaira, Stewart Cink"
10,2,Par,"Tiger Woods, Brooks Koepka, Xander Schauffele, Jason Day, Francesco Molinari, Patrick Cantlay, Rickie Fowler, Jon Rahm, Ian Poulter, Justin Thomas, Bubba Watson, Aaron Wise, Patton Kizzire, Adam Scott, Lucas Bjerregaard, Kevin Kisner, Rory McIlroy, Thorbjorn Olesen, Kyle Stanley, Charley Hoffman, Louis Oosthuizen, Charles Howell III, Hideki Matsuyama, Gary Woodland, Tommy Fleetwood, Patrick Reed, Henrik Stenson, Kevin Tway, Jimmy Walker, Haotong Li, Keith Mitchell, Corey Conners, Andrew Landry, Kiradech Aphibarnrat, Marc Leishman, Eddie Pepperell, Devon Bling, Tyrrell Hatton, Billy Horschel, Zach Johnson, Takumi Kanaya, Emiliano Grillo, J.B. Holmes, Alex Noren, Sandy Lyle, Justin Rose, Mike Weir, Danny Willett, Fred Couples, Charl Schwartzel, Brandt Snedeker, Jovan Rebula, Paul Casey, Michael Kim, Angel Cabrera, Jose Maria Olazabal"
10,2,Bogey,"Webb Simpson, Justin Harding, Matt Kuchar, Phil Mickelson, Matthew Fitzpatrick, Si Woo Kim, Rafa Cabrera Bello, Alvaro Ortiz, Kevin Na, Martin Kaymer, Cameron Smith, Branden Grace, Bernhard Langer, Sergio Garcia, Adam Long, Shugo Imahira, Shane Lowry, Larry Mize, Matt Wallace, Vijay Singh, Ian Woosnam"
10,2,Double Bogey,"Bryson DeChambeau, Trevor Immelman, Kevin O'Connell"
10,3,Birdie,"Webb Simpson, Lucas Bjerregaard, Rory McIlroy, Jordan Spieth, Bryson DeChambeau, Viktor Hovland, Kevin Tway, Keith Mitchell, Cameron Smith, Tyrrell Hatton"
10,3,Par,"Tiger Woods, Dustin Johnson, Brooks Koepka, Xander Schauffele, Jason Day, Tony Finau, Francesco Molinari, Patrick Cantlay, Jon Rahm, Matt Kuchar, Ian Poulter, Justin Thomas, Bubba Watson, Aaron Wise, Phil Mickelson, Adam Scott, Matthew Fitzpatrick, Si Woo Kim, Thorbjorn Olesen, Kyle Stanley, Louis Oosthuizen, Hideki Matsuyama, Rafa Cabrera Bello, Tommy Fleetwood, Alvaro Ortiz, Henrik Stenson, Jimmy Walker, Keegan Bradley, Haotong Li, Corey Conners, Kiradech Aphibarnrat, Trevor Immelman, Eddie Pepperell, Devon Bling, Billy Horschel, Zach Johnson, Takumi Kanaya, Satoshi Kodaira, J.B. Holmes, Bernhard Langer, Alex Noren"
10,3,Bogey,"Rickie Fowler, Justin Harding, Patton Kizzire, Charley Hoffman, Charles Howell III, Gary Woodland, Patrick Reed, Andrew Landry, Kevin Na, Marc Leishman, Martin Kaymer, Branden Grace, Emiliano Grillo"
10,3,Double Bogey,Kevin Kisner
10,4,Birdie,"Matt Kuchar, Aaron Wise, Gary Woodland, Andrew Landry"
10,4,Par,"Dustin Johnson, Brooks Koepka, Xander Schauffele, Jason Day, Francesco Molinari, Webb Simpson, Patrick Cantlay, Rickie Fowler, Jon Rahm, Ian Poulter, Justin Thomas, Bubba Watson, Patton Kizzire, Adam Scott, Lucas Bjerregaard, Matthew Fitzpatrick, Kevin Kisner, Rory McIlroy, Jordan Spieth, Kyle Stanley, Charley Hoffman, Viktor Hovland, Tommy Fleetwood, Alvaro Ortiz, Patrick Reed, Henrik Stenson, Keegan Bradley, Keith Mitchell, Kevin Na, Kiradech Aphibarnrat, Trevor Immelman, Martin Kaymer, Eddie Pepperell, Cameron Smith, Tyrrell Hatton, Billy Horschel, Branden Grace, Satoshi Kodaira, Emiliano Grillo, Bernhard Langer"
10,4,Bogey,"Tiger Woods, Tony Finau, Justin Harding, Si Woo Kim, Thorbjorn Olesen, Louis Oosthuizen, Charles Howell III, Hideki Matsuyama, Rafa Cabrera Bello, Kevin Tway, Jimmy Walker, Haotong Li, Corey Conners, Marc Leishman, Devon Bling, Zach Johnson, Takumi Kanaya, J.B. Holmes, Alex Noren"
10,4,Double Bogey,"Phil Mickelson, Bryson DeChambeau"
11,1,Birdie,"Dustin Johnson, Rickie Fowler, Jon Rahm, Kevin Kisner, Kyle Stanley, Louis Oosthuizen, Marc Leishman"
11,1,Par,"Tiger Woods, Brooks Koepka, Jason Day, Tony Finau, Webb Simpson, Patrick Cantlay, Justin Harding, Ian Poulter, Justin Thomas, Bubba Watson, Aaron Wise, Patton Kizzire, Adam Scott, Lucas Bjerregaard, Matthew Fitzpatrick, Si Woo Kim, Thorbjorn Olesen, Jordan Spieth, Bryson DeChambeau, Charley Hoffman, Gary Woodland, Rafa Cabrera Bello, Tommy Fleetwood, Henrik Stenson, Keith Mitchell, Corey Conners, Andrew Landry, Kevin Na, Kiradech Aphibarnrat, Trevor Immelman, Eddie Pepperell, Satoshi Kodaira, J.B. Holmes, Bernhard Langer, Alex Noren, Stewart Cink, Sergio Garcia, Justin Rose, Mike Weir, Danny Willett, Adam Long, Brandt Snedeker, Shugo Imahira, Shane Lowry, Jovan Rebula, Matt Wallace, Paul Casey"
11,1,Bogey,"Xander Schauffele, Francesco Molinari, Matt Kuchar, Phil Mickelson, Rory McIlroy, Viktor Hovland, Charles Howell III, Hideki Matsuyama, Alvaro Ortiz, Patrick Reed, Kevin Tway, Jimmy Walker, Keegan Bradley, Haotong Li, Martin Kaymer, Cameron Smith, Devon Bling, Tyrrell Hatton, Billy Horschel, Branden Grace, Zach Johnson, Takumi Kanaya, Emiliano Grillo, Sandy Lyle, Fred Couples, Charl Schwartzel, Larry Mize, Michael Kim, Vijay Singh, Angel Cabrera, Jose Maria Olazabal"
11,1,Double Bogey,Kevin O'Connell
11,1,Other,Ian Woosnam
11,2,Birdie,Tiger Woods
11,2,Par,"Dustin Johnson, Brooks Koepka, Xander Schauffele, Jason Day, Tony Finau, Francesco Molinari, Webb Simpson, Patrick Cantlay, Jon Rahm, Justin Harding, Matt Kuchar, Ian Poulter, Justin Thomas, Bubba Watson, Patton Kizzire, Phil Mickelson, Adam Scott, Lucas Bjerregaard, Matthew Fitzpatrick, Si Woo Kim, Thorbjorn Olesen, Jordan Spieth, Kyle Stanley, Bryson DeChambeau, Charley Hoffman, Louis Oosthuizen, Rafa Cabrera Bello, Tommy Fleetwood, Patrick Reed, Henrik Stenson, Kevin Tway, Jimmy Walker, Keegan Bradley, Haotong Li, Andrew Landry, Marc Leishman, Trevor Immelman, Martin Kaymer, Devon Bling, Tyrrell Hatton, Branden Grace, Zach Johnson, Takumi Kanaya, Satoshi Kodaira, J.B. Holmes, Bernhard Langer, Stewart Cink, Sergio Garcia, Sandy Lyle, Kevin O'Connell, Danny Willett, Fred Couples, Adam Long, Charl Schwartzel, Brandt Snedeker, Shugo Imahira, Shane Lowry, Larry Mize, Paul Casey, Jose Maria Olazabal"
11,2,Bogey,"Rickie Fowler, Aaron Wise, Kevin Kisner, Rory McIlroy, Viktor Hovland, Charles Howell III, Hideki Matsuyama, Gary Woodland, Alvaro Ortiz, Keith Mitchell, Corey Conners, Kevin Na, Kiradech Aphibarnrat, Eddie Pepperell, Cameron Smith, Billy Horschel, Alex Noren, Justin Rose, Mike Weir, Michael Kim, Vijay Singh, Ian Woosnam, Angel Cabrera"
11,2,Double Bogey,"Emiliano Grillo, Jovan Rebula, Matt Wallace"
11,3,Birdie,"Patrick Cantlay, Kevin Kisner, Thorbjorn Olesen, Louis Oosthuizen, Keith Mitchell"
11,3,Par,"Tiger Woods, Dustin Johnson, Brooks Koepka, Xander Schauffele, Jason Day, Tony Finau, Francesco Molinari, Webb Simpson, Rickie Fowler, Jon Rahm, Justin Harding, Justin Thomas, Bubba Watson, Aaron Wise, Patton Kizzire, Phil Mickelson, Adam Scott, Lucas Bjerregaard, Matthew Fitzpatrick, Si Woo Kim, Jordan Spieth, Kyle Stanley, Bryson DeChambeau, Charley Hoffman, Viktor Hovland, Hideki Matsuyama, Rafa Cabrera Bello, Tommy Fleetwood, Alvaro Ortiz, Henrik Stenson, Kevin Tway, Jimmy Walker, Keegan Bradley, Haotong Li, Corey Conners, Kevin Na, Kiradech Aphibarnrat, Marc Leishman, Trevor Immelman, Martin Kaymer, Eddie Pepperell, Cameron Smith, Branden Grace, Takumi Kanaya, Satoshi Kodaira, Emiliano Grillo, J.B. Holmes"
11,3,Bogey,"Matt Kuchar, Ian Poulter, Rory McIlroy, Charles Howell III, Gary Woodland, Patrick Reed, Andrew Landry, Devon Bling, Tyrrell Hatton, Billy Horschel, Zach Johnson, Bernhard Langer"
11,3,Double Bogey,Alex Noren
11,4,Birdie,"Xander Schauffele, Patrick Cantlay, Si Woo Kim, Kevin Kisner, Charles Howell III, Rafa Cabrera Bello, Jimmy Walker, Haotong Li"
11,4,Par,"Tiger Woods, Dustin Johnson, Brooks Koepka, Jason Day, Tony Finau, Francesco Molinari, Webb Simpson, Rickie Fowler, Jon Rahm, Justin Harding, Matt Kuchar, Justin Thomas, Bubba Watson, Aaron Wise, Phil Mickelson, Lucas Bjerregaard, Matthew Fitzpatrick, Rory McIlroy, Jordan Spieth, Kyle Stanley, Charley Hoffman, Louis Oosthuizen, Viktor Hovland, Hideki Matsuyama, Gary Woodland, Alvaro Ortiz, Patrick Reed, Henrik Stenson, Kevin Tway, Keegan Bradley, Keith Mitchell, Corey Conners, Kevin Na, Kiradech Aphibarnrat, Trevor Immelman, Martin Kaymer, Tyrrell Hatton, Zach Johnson, Satoshi Kodaira, Emiliano Grillo, J.B. Holmes, Bernhard Langer, Alex Noren"
11,4,Bogey,"Ian Poulter, Patton Kizzire, Adam Scott, Thorbjorn Olesen, Tommy Fleetwood, Andrew Landry, Marc Leishman, Eddie Pepperell, Cameron Smith, Devon Bling, Branden Grace, Takumi Kanaya"
11,4,Double Bogey,"Bryson DeChambeau, Billy Horschel"
12,1,Birdie,"Brooks Koepka, Patrick Cantlay, Rickie Fowler, Phil Mickelson, Kyle Stanley, Bryson DeChambeau, Charles Howell III, Trevor Immelman, Emiliano Grillo, Sergio Garcia, Mike Weir, Jovan Rebula, Matt Wallace, Vijay Singh"
12,1,Par,"Tiger Woods, Dustin Johnson, Xander Schauffele, Jason Day, Tony Finau, Francesco Molinari, Webb Simpson, Jon Rahm, Justin Harding, Matt Kuchar, Ian Poulter, Justin Thomas, Bubba Watson, Aaron Wise, Lucas Bjerregaard, Matthew Fitzpatrick, Rory McIlroy, Thorbjorn Olesen, Jordan Spieth, Charley Hoffman, Louis Oosthuizen, Viktor Hovland, Hideki Matsuyama, Gary Woodland, Rafa Cabrera Bello, Tommy Fleetwood, Alvaro Ortiz, Patrick Reed, Henrik Stenson, Kevin Tway, Jimmy Walker, Keegan Bradley, Haotong Li, Keith Mitchell, Corey Conners, Andrew Landry, Kiradech Aphibarnrat, Marc Leishman, Martin Kaymer, Eddie Pepperell, Cameron Smith, Devon Bling, Billy Horschel, Branden Grace, Zach Johnson, Takumi Kanaya, Satoshi Kodaira, J.B. Holmes, Bernhard Langer, Alex Noren, Stewart Cink, Sandy Lyle, Justin Rose, Danny Willett, Brandt Snedeker, Shugo Imahira, Michael Kim, Jose Maria Olazabal"
12,1,Bogey,"Patton Kizzire, Adam Scott, Kevin Kisner, Kevin Na, Tyrrell Hatton, Kevin O'Connell, Charl Schwartzel, Shane Lowry, Larry Mize, Paul Casey, Ian Woosnam, Angel Cabrera"
12,1,Double Bogey,"Si Woo Kim, Fred Couples, Adam Long"
12,2,Birdie,"Francesco Molinari, Justin Harding, Ian Poulter, Adam Scott, Matthew Fitzpatrick, Si Woo Kim, Louis Oosthuizen, Hideki Matsuyama, Tommy Fleetwood, Corey Conners, Kevin Na, Kiradech Aphibarnrat, Marc Leishman, Stewart Cink, Sandy Lyle, Kevin O'Connell, Justin Rose"
12,2,Par,"Tiger Woods, Dustin Johnson, Brooks Koepka, Xander Schauffele, Tony Finau, Webb Simpson, Patrick Cantlay, Rickie Fowler, Jon Rahm, Matt Kuchar, Justin Thomas, Aaron Wise, Patton Kizzire, Phil Mickelson, Lucas Bjerregaard, Kevin Kisner, Rory McIlroy, Thorbjorn Olesen, Jordan Spieth, Kyle Stanley, Viktor Hovland, Charles Howell III, Gary Woodland, Rafa Cabrera Bello, Alvaro Ortiz, Patrick Reed, Henrik Stenson, Kevin Tway, Jimmy Walker, Keegan Bradley, Haotong Li, Keith Mitchell, Andrew Landry, Trevor Immelman, Martin Kaymer, Eddie Pepperell, Cameron Smith, Devon Bling, Tyrrell Hatton, Billy Horschel, Branden Grace, Takumi Kanaya, Emiliano Grillo, J.B. Holmes, Bernhard Langer, Alex Noren, Sergio Garcia, Danny Willett, Adam Long, Charl Schwartzel, Brandt Snedeker, Shane Lowry, Larry Mize, Matt Wallace, Michael Kim, Vijay Singh, Ian Woosnam, Angel Cabrera, Jose Maria Olazabal"
12,2,Bogey,"Jason Day, Bubba Watson, Bryson DeChambeau, Charley Hoffman, Zach Johnson, Satoshi Kodaira, Mike Weir, Fred Couples, Shugo Imahira, Paul Casey"
12,2,Double Bogey,Jovan Rebula
12,3,Birdie,"Jason Day, Francesco Molinari, Justin Harding, Bubba Watson, Aaron Wise, Phil Mickelson, Adam Scott, Jordan Spieth, Rafa Cabrera Bello, Alvaro Ortiz, Andrew Landry, Kiradech Aphibarnrat, Trevor Immelman, Devon Bling, Takumi Kanaya"
12,3,Par,"Tiger Woods, Dustin Johnson, Brooks Koepka, Xander Schauffele, Tony Finau, Webb Simpson, Patrick Cantlay, Rickie Fowler, Jon Rahm, Ian Poulter, Justin Thomas, Patton Kizzire, Lucas Bjerregaard, Matthew Fitzpatrick, Kevin Kisner, Rory McIlroy, Thorbjorn Olesen, Bryson DeChambeau, Charley Hoffman, Viktor Hovland, Charles Howell III, Hideki Matsuyama, Gary Woodland, Tommy Fleetwood, Patrick Reed, Henrik Stenson, Kevin Tway, Keegan Bradley, Haotong Li, Corey Conners, Kevin Na, Marc Leishman, Martin Kaymer, Eddie Pepperell, Tyrrell Hatton, Billy Horschel, Branden Grace, Zach Johnson, Satoshi Kodaira, Emiliano Grillo, J.B. Holmes"
12,3,Bogey,"Matt Kuchar, Si Woo Kim, Kyle Stanley, Louis Oosthuizen, Jimmy Walker, Keith Mitchell, Cameron Smith, Alex Noren"
12,3,Double Bogey,Bernhard Langer
12,4,Birdie,"Justin Harding, Justin Thomas, Matthew Fitzpatrick, Bryson DeChambeau, Kevin Na, Marc Leishman"
12,4,Par,"Tiger Woods, Dustin Johnson, Xander Schauffele, Jason Day, Webb Simpson, Patrick Cantlay, Jon Rahm, Bubba Watson, Patton Kizzire, Phil Mickelson, Adam Scott, Lucas Bjerregaard, Si Woo Kim, Kevin Kisner, Rory McIlroy, Jordan Spieth, Louis Oosthuizen, Viktor Hovland, Charles Howell III, Hideki Matsuyama, Gary Woodland, Rafa Cabrera Bello, Tommy Fleetwood, Alvaro Ortiz, Patrick Reed, Jimmy Walker, Keegan Bradley, Haotong Li, Keith Mitchell, Andrew Landry, Kiradech Aphibarnrat, Trevor Immelman, Martin Kaymer, Eddie Pepperell, Tyrrell Hatton, Billy Horschel, Branden Grace, Zach Johnson, Takumi Kanaya, Satoshi Kodaira, Bernhard Langer, Alex Noren"
12,4,Bogey,"Rickie Fowler, Matt Kuchar, Aaron Wise, Thorbjorn Olesen, Kyle Stanley, Charley Hoffman, Henrik Stenson, Devon Bling"
12,4,Double Bogey,"Brooks Koepka, Tony Finau, Francesco Molinari, Ian Poulter, Kevin Tway, Cameron Smith, Emiliano Grillo"
12,4,Other,"Corey Conners, J.B. Holmes"
13,1,Eagle,"Webb Simpson, Matt Kuchar, Patrick Reed, Kiradech Aphibarnrat"
13,1,Birdie,"Tiger Woods, Dustin Johnson, Brooks Koepka, Xander Schauffele, Jason Day, Tony Finau, Patrick Cantlay, Jon Rahm, Ian Poulter, Patton Kizzire, Phil Mickelson, Lucas Bjerregaard, Matthew Fitzpatrick, Si Woo Kim, Kevin Kisner, Rory McIlroy, Bryson DeChambeau, Charley Hoffman, Louis Oosthuizen, Viktor Hovland, Charles Howell III, Hideki Matsuyama, Jimmy Walker, Haotong Li, Corey Conners, Kevin Na, Marc Leishman, Martin Kaymer, Cameron Smith, Devon Bling, Tyrrell Hatton, Billy Horschel, Zach Johnson, Takumi Kanaya, J.B. Holmes, Alex Noren, Kevin O'Connell, Danny Willett, Fred Couples, Jovan Rebula, Vijay Singh"
13,1,Par,"Francesco Molinari, Rickie Fowler, Justin Harding, Justin Thomas, Bubba Watson, Aaron Wise, Adam Scott, Thorbjorn Olesen, Jordan Spieth, Kyle Stanley, Gary Woodland, Rafa Cabrera Bello, Tommy Fleetwood, Kevin Tway, Keegan Bradley, Keith Mitchell, Trevor Immelman, Branden Grace, Satoshi Kodaira, Emiliano Grillo, Bernhard Langer, Stewart Cink, Sergio Garcia, Sandy Lyle, Justin Rose, Mike Weir, Charl Schwartzel, Brandt Snedeker, Shugo Imahira, Larry Mize, Matt Wallace, Paul Casey, Michael Kim, Angel Cabrera, Jose Maria Olazabal"
13,1,Bogey,"Alvaro Ortiz, Eddie Pepperell, Adam Long, Shane Lowry, Ian Woosnam"
13,1,Double Bogey,Andrew Landry
13,1,Other,Henrik Stenson
13,2,Eagle,"Matt Kuchar, Bubba Watson, Matthew Fitzpatrick, Viktor Hovland, Charles Howell III, Justin Rose"
13,2,Birdie,"Dustin Johnson, Xander Schauffele, Jason Day, Patrick Cantlay, Justin Harding, Ian Poulter, Phil Mickelson, Adam Scott, Thorbjorn Olesen, Jordan Spieth, Kyle Stanley, Charley Hoffman, Louis Oosthuizen, Patrick Reed, Henrik Stenson, Kevin Tway, Jimmy Walker, Keegan Bradley, Corey Conners, Kevin Na, Kiradech Aphibarnrat, Trevor Immelman, Martin Kaymer, Branden Grace, Zach Johnson, Satoshi Kodaira, Emiliano Grillo, J.B. Holmes, Alex Noren, Stewart Cink, Sergio Garcia, Sandy Lyle, Kevin O'Connell, Mike Weir, Danny Willett, Fred Couples, Adam Long, Charl Schwartzel, Shugo Imahira, Shane Lowry, Larry Mize, Paul Casey"
13,2,Par,"Tiger Woods, Brooks Koepka, Tony Finau, Francesco Molinari, Webb Simpson, Rickie Fowler, Jon Rahm, Justin Thomas, Aaron Wise, Patton Kizzire, Lucas Bjerregaard, Si Woo Kim, Kevin Kisner, Bryson DeChambeau, Gary Woodland, Rafa Cabrera Bello, Alvaro Ortiz, Haotong Li, Keith Mitchell, Andrew Landry, Marc Leishman, Devon Bling, Bernhard Langer, Brandt Snedeker, Jovan Rebula, Matt Wallace, Vijay Singh, Ian Woosnam"
13,2,Bogey,"Rory McIlroy, Hideki Matsuyama, Tommy Fleetwood, Eddie Pepperell, Cameron Smith, Tyrrell Hatton, Billy Horschel, Takumi Kanaya, Angel Cabrera, Jose Maria Olazabal"
13,2,Double Bogey,Michael Kim
13,3,Eagle,"Webb Simpson, Rickie Fowler, Jon Rahm"
13,3,Birdie,"Tiger Woods, Dustin Johnson, Brooks Koepka, Xander Schauffele, Tony Finau, Francesco Molinari, Justin Harding, Matt Kuchar, Ian Poulter, Bubba Watson, Aaron Wise, Adam Scott, Lucas Bjerregaard, Matthew Fitzpatrick, Si Woo Kim, Kevin Kisner, Rory McIlroy, Thorbjorn Olesen, Kyle Stanley, Bryson DeChambeau, Charley Hoffman, Viktor Hovland, Hideki Matsuyama, Gary Woodland, Alvaro Ortiz, Henrik Stenson, Keegan Bradley, Haotong Li, Keith Mitchell, Corey Conners, Marc Leishman, Martin Kaymer, Cameron Smith, Devon Bling, Billy Horschel, Branden Grace, Zach Johnson, Emiliano Grillo, Alex Noren"
13,3,Par,"Jason Day, Patrick Cantlay, Justin Thomas, Phil Mickelson, Jordan Spieth, Louis Oosthuizen, Charles Howell III, Rafa Cabrera Bello, Tommy Fleetwood, Patrick Reed, Kevin Tway, Jimmy Walker, Andrew Landry, Kevin Na, Tyrrell Hatton, Satoshi Kodaira, J.B. Holmes, Bernhard Langer"
13,3,Bogey,"Patton Kizzire, Kiradech Aphibarnrat, Trevor Immelman, Eddie Pepperell, Takumi Kanaya"
13,4,Eagle,"Brooks Koepka, Rory McIlroy, Kevin Na, Emiliano Grillo"
13,4,Birdie,"Tiger Woods, Dustin Johnson, Xander Schauffele, Jason Day, Tony Finau, Francesco Molinari, Webb Simpson, Rickie Fowler, Jon Rahm, Justin Harding, Ian Poulter, Justin Thomas, Bubba Watson, Aaron Wise, Patton Kizzire, Adam Scott, Lucas Bjerregaard, Matthew Fitzpatrick, Si Woo Kim, Kevin Kisner, Jordan Spieth, Rafa Cabrera Bello, Alvaro Ortiz, Patrick Reed, Henrik Stenson, Jimmy Walker, Keegan Bradley, Haotong Li, Keith Mitchell, Andrew Landry, Trevor Immelman, Martin Kaymer, Devon Bling, Tyrrell Hatton, Billy Horschel, Bernhard Langer"
13,4,Par,"Patrick Cantlay, Matt Kuchar, Phil Mickelson, Kyle Stanley, Bryson DeChambeau, Charley Hoffman, Viktor Hovland, Charles Howell III, Hideki Matsuyama, Gary Woodland, Tommy Fleetwood, Kevin Tway, Corey Conners, Kiradech Aphibarnrat, Marc Leishman, Eddie Pepperell, Cameron Smith, Zach Johnson, Takumi Kanaya, Satoshi Kodaira, Alex Noren"
13,4,Bogey,"Thorbjorn Olesen, Branden Grace, J.B. Holmes"
13,4,Double Bogey,Louis Oosthuizen
14,1,Birdie,"Tiger Woods, Brooks Koepka, Si Woo Kim, Kevin Kisner, Corey Conners, Andrew Landry"
14,1,Par,"Dustin Johnson, Jason Day, Tony Finau, Francesco Molinari, Webb Simpson, Patrick Cantlay, Rickie Fowler, Jon Rahm, Justin Harding, Matt Kuchar, Ian Poulter, Justin Thomas, Patton Kizzire, Phil Mickelson, Adam Scott, Lucas Bjerregaard, Rory McIlroy, Thorbjorn Olesen, Jordan Spieth, Kyle Stanley, Charley Hoffman, Louis Oosthuizen, Viktor Hovland, Charles Howell III, Hideki Matsuyama, Gary Woodland, Rafa Cabrera Bello, Alvaro Ortiz, Henrik Stenson, Kevin Tway, Jimmy Walker, Keegan Bradley, Haotong Li, Kevin Na, Kiradech Aphibarnrat, Martin Kaymer, Cameron Smith, Branden Grace, Takumi Kanaya, Emiliano Grillo, J.B. Holmes, Bernhard Langer, Alex Noren, Sergio Garcia, Justin Rose, Mike Weir, Danny Willett, Fred Couples, Adam Long, Brandt Snedeker, Shane Lowry, Larry Mize, Jovan Rebula, Paul Casey, Michael Kim, Jose Maria Olazabal"
14,1,Bogey,"Xander Schauffele, Bubba Watson, Aaron Wise, Matthew Fitzpatrick, Bryson DeChambeau, Tommy Fleetwood, Patrick Reed, Marc Leishman, Trevor Immelman, Eddie Pepperell, Devon Bling, Tyrrell Hatton, Billy Horschel, Zach Johnson, Satoshi Kodaira, Stewart Cink, Sandy Lyle, Kevin O'Connell, Charl Schwartzel, Shugo Imahira, Matt Wallace, Vijay Singh, Ian Woosnam, Angel Cabrera"
14,1,Double Bogey,Keith Mitchell
14,2,Birdie,"Tiger Woods, Xander Schauffele, Justin Harding, Aaron Wise, Patton Kizzire, Jordan Spieth, Alvaro Ortiz, Bernhard Langer, Mike Weir, Danny Willett, Vijay Singh"
14,2,Par,"Dustin Johnson, Brooks Koepka, Jason Day, Tony Finau, Francesco Molinari, Webb Simpson, Rickie Fowler, Jon Rahm, Justin Thomas, Bubba Watson, Phil Mickelson, Adam Scott, Lucas Bjerregaard, Matthew Fitzpatrick, Si Woo Kim, Kevin Kisner, Rory McIlroy, Thorbjorn Olesen, Kyle Stanley, Bryson DeChambeau, Louis Oosthuizen, Viktor Hovland, Charles Howell III, Hideki Matsuyama, Rafa Cabrera Bello, Tommy Fleetwood, Patrick Reed, Henrik Stenson, Kevin Tway, Jimmy Walker, Keegan Bradley, Haotong Li, Corey Conners, Marc Leishman, Trevor Immelman, Cameron Smith, Tyrrell Hatton, Branden Grace, Zach Johnson, Takumi Kanaya, Emiliano Grillo, J.B. Holmes, Alex Noren, Stewart Cink, Justin Rose, Fred Couples, Adam Long, Charl Schwartzel, Shane Lowry, Larry Mize, Angel Cabrera, Jose Maria Olazabal"
14,2,Bogey,"Patrick Cantlay, Matt Kuchar, Ian Poulter, Charley Hoffman, Gary Woodland, Keith Mitchell, Andrew Landry, Kevin Na, Kiradech Aphibarnrat, Martin Kaymer, Eddie Pepperell, Devon Bling, Billy Horschel, Satoshi Kodaira, Sergio Garcia, Sandy Lyle, Kevin O'Connell, Shugo Imahira, Matt Wallace, Paul Casey, Michael Kim, Ian Woosnam"
14,2,Double Bogey,"Brandt Snedeker, Jovan Rebula"
14,3,Birdie,"Jason Day, Francesco Molinari, Webb Simpson, Patrick Cantlay, Matt Kuchar, Bubba Watson, Aaron Wise, Patton Kizzire, Kyle Stanley, Viktor Hovland, Hideki Matsuyama, Alvaro Ortiz, Jimmy Walker, Eddie Pepperell, Billy Horschel, Branden Grace, Zach Johnson, Satoshi Kodaira, Bernhard Langer"
14,3,Par,"Tiger Woods, Dustin Johnson, Xander Schauffele, Tony Finau, Rickie Fowler, Jon Rahm, Ian Poulter, Justin Thomas, Phil Mickelson, Adam Scott, Lucas Bjerregaard, Matthew Fitzpatrick, Si Woo Kim, Rory McIlroy, Thorbjorn Olesen, Jordan Spieth, Bryson DeChambeau, Charley Hoffman, Louis Oosthuizen, Gary Woodland, Tommy Fleetwood, Patrick Reed, Haotong Li, Keith Mitchell, Corey Conners, Andrew Landry, Kevin Na, Kiradech Aphibarnrat, Marc Leishman, Martin Kaymer, Cameron Smith, Devon Bling, Tyrrell Hatton, Takumi Kanaya, Emiliano Grillo, J.B. Holmes, Alex Noren"
14,3,Bogey,"Brooks Koepka, Justin Harding, Kevin Kisner, Charles Howell III, Rafa Cabrera Bello, Henrik Stenson, Kevin Tway, Keegan Bradley, Trevor Immelman"
14,4,Birdie,"Xander Schauffele, Webb Simpson, Rickie Fowler, Bubba Watson, Patton Kizzire, Charley Hoffman, Viktor Hovland, Keegan Bradley, Haotong Li, Kiradech Aphibarnrat, Bernhard Langer"
14,4,Par,"Tiger Woods, Dustin Johnson, Brooks Koepka, Jason Day, Tony Finau, Francesco Molinari, Patrick Cantlay, Jon Rahm, Justin Harding, Matt Kuchar, Ian Poulter, Aaron Wise, Phil Mickelson, Adam Scott, Lucas Bjerregaard, Matthew Fitzpatrick, Si Woo Kim, Kevin Kisner, Rory McIlroy, Thorbjorn Olesen, Jordan Spieth, Kyle Stanley, Bryson DeChambeau, Louis Oosthuizen, Charles Howell III, Hideki Matsuyama, Gary Woodland, Tommy Fleetwood, Patrick Reed, Henrik Stenson, Kevin Tway, Jimmy Walker, Corey Conners, Kevin Na, Trevor Immelman, Eddie Pepperell, Cameron Smith, Devon Bling, Tyrrell Hatton, Zach Johnson, Satoshi Kodaira, Emiliano Grillo, J.B. Holmes, Alex Noren"
14,4,Bogey,"Justin Thomas, Rafa Cabrera Bello, Alvaro Ortiz, Keith Mitchell, Andrew Landry, Marc Leishman, Martin Kaymer, Billy Horschel, Branden Grace, Takumi Kanaya"
15,1,Eagle,"Keith Mitchell, Corey Conners, Matt Wallace"
15,1,Birdie,"Brooks Koepka, Xander Schauffele, Tony Finau, Francesco Molinari, Rickie Fowler, Justin Harding, Ian Poulter, Bubba Watson, Phil Mickelson, Adam Scott, Lucas Bjerregaard, Si Woo Kim, Kevin Kisner, Rory McIlroy, Bryson DeChambeau, Viktor Hovland, Hideki Matsuyama, Gary Woodland, Rafa Cabrera Bello, Tommy Fleetwood, Patrick Reed, Henrik Stenson, Keegan Bradley, Andrew Landry, Kevin Na, Kiradech Aphibarnrat, Trevor Immelman, Martin Kaymer, Eddie Pepperell, Cameron Smith, Devon Bling, Tyrrell Hatton, Billy Horschel, Branden Grace, Takumi Kanaya, Kevin O'Connell, Justin Rose, Mike Weir, Danny Willett, Charl Schwartzel, Brandt Snedeker, Shugo Imahira, Ian Woosnam"
15,1,Par,"Tiger Woods, Dustin Johnson, Jason Day, Webb Simpson, Patrick Cantlay, Jon Rahm, Justin Thomas, Aaron Wise, Patton Kizzire, Matthew Fitzpatrick, Thorbjorn Olesen, Jordan Spieth, Kyle Stanley, Charley Hoffman, Alvaro Ortiz, Kevin Tway, Jimmy Walker, Haotong Li, Marc Leishman, Zach Johnson, Satoshi Kodaira, Emiliano Grillo, J.B. Holmes, Bernhard Langer, Alex Noren, Sergio Garcia, Adam Long, Shane Lowry, Jovan Rebula, Paul Casey, Vijay Singh, Angel Cabrera, Jose Maria Olazabal"
15,1,Bogey,"Matt Kuchar, Louis Oosthuizen, Charles Howell III, Sandy Lyle, Larry Mize"
15,1,Double Bogey,"Fred Couples, Michael Kim"
15,1,Other,Stewart Cink
15,2,Eagle,"Justin Thomas, Adam Scott, Lucas Bjerregaard, Alvaro Ortiz, Kevin O'Connell"
15,2,Birdie,"Tiger Woods, Dustin Johnson, Brooks Koepka, Xander Schauffele, Jason Day, Tony Finau, Francesco Molinari, Rickie Fowler, Justin Harding, Matt Kuchar, Aaron Wise, Matthew Fitzpatrick, Si Woo Kim, Kevin Kisner, Thorbjorn Olesen, Bryson DeChambeau, Charley Hoffman, Louis Oosthuizen, Hideki Matsuyama, Rafa Cabrera Bello, Tommy Fleetwood, Kevin Tway, Keegan Bradley, Corey Conners, Trevor Immelman, Martin Kaymer, Eddie Pepperell, Cameron Smith, Tyrrell Hatton, Billy Horschel, Takumi Kanaya, Satoshi Kodaira, Bernhard Langer, Alex Noren, Stewart Cink, Sergio Garcia, Charl Schwartzel, Brandt Snedeker, Jovan Rebula, Michael Kim, Ian Woosnam, Jose Maria Olazabal"
15,2,Par,"Webb Simpson, Patrick Cantlay, Jon Rahm, Ian Poulter, Bubba Watson, Patton Kizzire, Phil Mickelson, Rory McIlroy, Jordan Spieth, Kyle Stanley, Viktor Hovland, Charles Howell III, Gary Woodland, Patrick Reed, Henrik Stenson, Jimmy Walker, Haotong Li, Keith Mitchell, Andrew Landry, Kiradech Aphibarnrat, Marc Leishman, Devon Bling, Branden Grace, Zach Johnson, J.B. Holmes, Sandy Lyle, Mike Weir, Danny Willett, Fred Couples, Adam Long, Shugo Imahira, Larry Mize, Matt Wallace, Paul Casey, Vijay Singh, Angel Cabrera"
15,2,Bogey,"Kevin Na, Emiliano Grillo, Justin Rose, Shane Lowry"
15,3,Eagle,"Brooks Koepka, Lucas Bjerregaard, Rory McIlroy, Marc Leishman"
15,3,Birdie,"Tiger Woods, Dustin Johnson, Tony Finau, Francesco Molinari, Patrick Cantlay, Rickie Fowler, Jon Rahm, Justin Harding, Matt Kuchar, Ian Poulter, Justin Thomas, Bubba Watson, Matthew Fitzpatrick, Si Woo Kim, Kevin Kisner, Thorbjorn Olesen, Jordan Spieth, Kyle Stanley, Viktor Hovland, Hideki Matsuyama, Gary Woodland, Rafa Cabrera Bello, Tommy Fleetwood, Patrick Reed, Henrik Stenson, Kevin Tway, Jimmy Walker, Keith Mitchell, Kevin Na, Kiradech Aphibarnrat, Trevor Immelman, Bernhard Langer"
15,3,Par,"Webb Simpson, Aaron Wise, Phil Mickelson, Adam Scott, Bryson DeChambeau, Charley Hoffman, Louis Oosthuizen, Charles Howell III, Alvaro Ortiz, Keegan Bradley, Haotong Li, Corey Conners, Martin Kaymer, Eddie Pepperell, Cameron Smith, Billy Horschel, Branden Grace, Zach Johnson, Takumi Kanaya, Satoshi Kodaira, Emiliano Grillo, J.B. Holmes, Alex Noren"
15,3,Bogey,"Xander Schauffele, Patton Kizzire, Devon Bling"
15,3,Double Bogey,"Jason Day, Andrew Landry, Tyrrell Hatton"
15,4,Eagle,"Patrick Cantlay, Bubba Watson, Kyle Stanley"
15,4,Birdie,"Tiger Woods, Dustin Johnson, Brooks Koepka, Jason Day, Tony Finau, Rickie Fowler, Ian Poulter, Kevin Kisner, Rory McIlroy, Thorbjorn Olesen, Bryson DeChambeau, Charley Hoffman, Charles Howell III, Gary Woodland, Rafa Cabrera Bello, Alvaro Ortiz, Patrick Reed, Henrik Stenson, Kevin Tway, Jimmy Walker, Haotong Li, Keith Mitchell, Corey Conners, Kiradech Aphibarnrat, Trevor Immelman, Martin Kaymer, Eddie Pepperell, Devon Bling, Tyrrell Hatton, Billy Horschel, Takumi Kanaya"
15,4,Par,"Xander Schauffele, Webb Simpson, Jon Rahm, Matt Kuchar, Aaron Wise, Patton Kizzire, Phil Mickelson, Adam Scott, Matthew Fitzpatrick, Si Woo Kim, Jordan Spieth, Louis Oosthuizen, Viktor Hovland, Hideki Matsuyama, Keegan Bradley, Cameron Smith, Zach Johnson, Emiliano Grillo, J.B. Holmes, Alex Noren"
15,4,Bogey,"Justin Harding, Justin Thomas, Lucas Bjerregaard, Tommy Fleetwood, Andrew Landry, Marc Leishman, Branden Grace, Satoshi Kodaira"
15,4,Double Bogey,"Francesco Molinari, Kevin Na, Bernhard Langer"
16,1,Birdie,"Dustin Johnson, Jason Day, Ian Poulter, Phil Mickelson, Rory McIlroy, Jordan Spieth, Bryson DeChambeau, Viktor Hovland, Rafa Cabrera Bello, Keith Mitchell, Andrew Landry, Kiradech Aphibarnrat, Marc Leishman, Eddie Pepperell, Cameron Smith, Billy Horschel, Satoshi Kodaira, Stewart Cink, Sandy Lyle, Kevin O'Connell, Shugo Imahira, Ian Woosnam"
16,1,Par,"Tiger Woods, Brooks Koepka, Xander Schauffele, Tony Finau, Francesco Molinari, Webb Simpson, Patrick Cantlay, Rickie Fowler, Jon Rahm, Justin Harding, Justin Thomas, Bubba Watson, Patton Kizzire, Adam Scott, Lucas Bjerregaard, Si Woo Kim, Kevin Kisner, Kyle Stanley, Charley Hoffman, Louis Oosthuizen, Charles Howell III, Hideki Matsuyama, Gary Woodland, Tommy Fleetwood, Alvaro Ortiz, Patrick Reed, Henrik Stenson, Kevin Tway, Jimmy Walker, Keegan Bradley, Haotong Li, Corey Conners, Kevin Na, Trevor Immelman, Martin Kaymer, Devon Bling, Tyrrell Hatton, Zach Johnson, Takumi Kanaya, Emiliano Grillo, J.B. Holmes, Bernhard Langer, Alex Noren, Sergio Garcia, Mike Weir, Danny Willett, Fred Couples, Adam Long, Charl Schwartzel, Larry Mize, Matt Wallace, Paul Casey, Michael Kim, Vijay Singh"
16,1,Bogey,"Matt Kuchar, Aaron Wise, Thorbjorn Olesen, Branden Grace, Justin Rose, Shane Lowry, Jovan Rebula, Angel Cabrera"
16,1,Double Bogey,"Matthew Fitzpatrick, Brandt Snedeker, Jose Maria Olazabal"
16,2,Birdie,"Jason Day, Matthew Fitzpatrick, Kevin Kisner, Rory McIlroy, Keegan Bradley, Kevin Na, Eddie Pepperell, Devon Bling, Takumi Kanaya, J.B. Holmes, Shane Lowry"
16,2,Par,"Tiger Woods, Dustin Johnson, Brooks Koepka, Xander Schauffele, Tony Finau, Francesco Molinari, Webb Simpson, Patrick Cantlay, Rickie Fowler, Jon Rahm, Justin Harding, Matt Kuchar, Ian Poulter, Justin Thomas, Bubba Watson, Aaron Wise, Patton Kizzire, Phil Mickelson, Thorbjorn Olesen, Jordan Spieth, Kyle Stanley, Charley Hoffman, Louis Oosthuizen, Viktor Hovland, Charles Howell III, Gary Woodland, Rafa Cabrera Bello, Tommy Fleetwood, Alvaro Ortiz, Patrick Reed, Henrik Stenson, Kevin Tway, Jimmy Walker, Haotong Li, Keith Mitchell, Corey Conners, Kiradech Aphibarnrat, Marc Leishman, Trevor Immelman, Martin Kaymer, Cameron Smith, Tyrrell Hatton, Branden Grace, Zach Johnson, Satoshi Kodaira, Emiliano Grillo, Bernhard Langer, Alex Noren, Sergio Garcia, Sandy Lyle, Kevin O'Connell, Justin Rose, Mike Weir, Danny Willett, Fred Couples, Charl Schwartzel, Brandt Snedeker, Shugo Imahira, Larry Mize, Jovan Rebula, Matt Wallace, Paul Casey, Michael Kim, Vijay Singh, Ian Woosnam, Angel Cabrera, Jose Maria Olazabal"
16,2,Bogey,"Adam Scott, Lucas Bjerregaard, Si Woo Kim, Bryson DeChambeau, Hideki Matsuyama, Andrew Landry, Billy Horschel, Stewart Cink, Adam Long"
16,3,Birdie,"Tiger Woods, Webb Simpson, Matt Kuchar, Aaron Wise, Patton Kizzire, Rory McIlroy, Henrik Stenson, Jimmy Walker, J.B. Holmes"
16,3,Par,"Dustin Johnson, Brooks Koepka, Xander Schauffele, Jason Day, Tony Finau, Francesco Molinari, Patrick Cantlay, Rickie Fowler, Jon Rahm, Justin Harding, Ian Poulter, Justin Thomas, Bubba Watson, Phil Mickelson, Lucas Bjerregaard, Matthew Fitzpatrick, Si Woo Kim, Kevin Kisner, Thorbjorn Olesen, Jordan Spieth, Louis Oosthuizen, Charles Howell III, Hideki Matsuyama, Gary Woodland, Rafa Cabrera Bello, Alvaro Ortiz, Kevin Tway, Keegan Bradley, Haotong Li, Corey Conners, Andrew Landry, Kevin Na, Kiradech Aphibarnrat, Marc Leishman, Trevor Immelman, Martin Kaymer, Eddie Pepperell, Cameron Smith, Tyrrell Hatton, Billy Horschel, Branden Grace, Zach Johnson, Takumi Kanaya, Satoshi Kodaira, Emiliano Grillo, Bernhard Langer, Alex Noren"
16,3,Bogey,"Adam Scott, Kyle Stanley, Bryson DeChambeau, Charley Hoffman, Viktor Hovland, Tommy Fleetwood, Patrick Reed, Keith Mitchell, Devon Bling"
16,4,Eagle,"Justin Thomas, Bryson DeChambeau"
16,4,Birdie,"Tiger Woods, Dustin Johnson, Tony Finau, Jon Rahm, Aaron Wise, Thorbjorn Olesen, Charley Hoffman, Viktor Hovland, Hideki Matsuyama, Alvaro Ortiz, Patrick Reed, Kevin Tway, Haotong Li, Kiradech Aphibarnrat, Marc Leishman, Trevor Immelman, Cameron Smith, Billy Horschel, Zach Johnson, Emiliano Grillo, Alex Noren"
16,4,Par,"Brooks Koepka, Xander Schauffele, Jason Day, Francesco Molinari, Webb Simpson, Rickie Fowler, Justin Harding, Matt Kuchar, Ian Poulter, Bubba Watson, Patton Kizzire, Phil Mickelson, Adam Scott, Lucas Bjerregaard, Matthew Fitzpatrick, Si Woo Kim, Kevin Kisner, Rory McIlroy, Jordan Spieth, Kyle Stanley, Louis Oosthuizen, Charles Howell III, Gary Woodland, Rafa Cabrera Bello, Tommy Fleetwood, Henrik Stenson, Jimmy Walker, Keegan Bradley, Keith Mitchell, Corey Conners, Andrew Landry, Kevin Na, Martin Kaymer, Devon Bling, Branden Grace, Satoshi Kodaira, Bernhard Langer"
16,4,Bogey,"Patrick Cantlay, Tyrrell Hatton, Takumi Kanaya"
16,4,Double Bogey,"Eddie Pepperell, J.B. Holmes"
17,1,Birdie,"Justin Harding, Adam Scott, Bryson DeChambeau, Charley Hoffman, Alvaro Ortiz, Justin Rose, Adam Long, Jovan Rebula"
17,1,Par,"Dustin Johnson, Brooks Koepka, Xander Schauffele, Francesco Molinari, Rickie Fowler, Jon Rahm, Matt Kuchar, Ian Poulter, Justin Thomas, Bubba Watson, Patton Kizzire, Phil Mickelson, Lucas Bjerregaard, Si Woo Kim, Kevin Kisner, Thorbjorn Olesen, Jordan Spieth, Kyle Stanley, Louis Oosthuizen, Viktor Hovland, Hideki Matsuyama, Gary Woodland, Rafa Cabrera Bello, Tommy Fleetwood, Patrick Reed, Henrik Stenson, Kevin Tway, Jimmy Walker, Keegan Bradley, Haotong Li, Keith Mitchell, Corey Conners, Andrew Landry, Kevin Na, Kiradech Aphibarnrat, Marc Leishman, Trevor Immelman, Martin Kaymer, Eddie Pepperell, Cameron Smith, Devon Bling, Tyrrell Hatton, Billy Horschel, Branden Grace, Zach Johnson, Emiliano Grillo, J.B. Holmes, Bernhard Langer, Sergio Garcia, Sandy Lyle, Kevin O'Connell, Mike Weir, Fred Couples, Charl Schwartzel, Shane Lowry, Larry Mize, Matt Wallace, Michael Kim, Vijay Singh, Ian Woosnam, Angel Cabrera, Jose Maria Olazabal"
17,1,Bogey,"Tiger Woods, Jason Day, Tony Finau, Webb Simpson, Patrick Cantlay, Matthew Fitzpatrick, Rory McIlroy, Charles Howell III, Satoshi Kodaira, Alex Noren, Stewart Cink, Danny Willett, Brandt Snedeker, Shugo Imahira, Paul Casey"
17,1,Double Bogey,"Aaron Wise, Takumi Kanaya"
17,2,Birdie,"Justin Harding, Si Woo Kim, Patrick Reed, Henrik Stenson, Keegan Bradley, Cameron Smith, Emiliano Grillo, Adam Long, Shane Lowry, Paul Casey"
17,2,Par,"Tiger Woods, Dustin Johnson, Brooks Koepka, Xander Schauffele, Jason Day, Tony Finau, Francesco Molinari, Webb Simpson, Patrick Cantlay, Rickie Fowler, Jon Rahm, Matt Kuchar, Ian Poulter, Justin Thomas, Aaron Wise, Patton Kizzire, Adam Scott, Lucas Bjerregaard, Matthew Fitzpatrick, Kevin Kisner, Rory McIlroy, Jordan Spieth, Kyle Stanley, Bryson DeChambeau, Charley Hoffman, Louis Oosthuizen, Viktor Hovland, Charles Howell III, Hideki Matsuyama, Gary Woodland, Rafa Cabrera Bello, Tommy Fleetwood, Alvaro Ortiz, Kevin Tway, Jimmy Walker, Corey Conners, Andrew Landry, Kevin Na, Kiradech Aphibarnrat, Marc Leishman, Trevor Immelman, Eddie Pepperell, Devon Bling, Tyrrell Hatton, Billy Horschel, Branden Grace, Takumi Kanaya, Satoshi Kodaira, J.B. Holmes, Bernhard Langer, Alex Noren, Sergio Garcia, Sandy Lyle, Kevin O'Connell, Danny Willett, Fred Couples, Charl Schwartzel, Shugo Imahira, Jovan Rebula, Matt Wallace, Vijay Singh, Ian Woosnam, Angel Cabrera, Jose Maria Olazabal"
17,2,Bogey,"Bubba Watson, Phil Mickelson, Thorbjorn Olesen, Haotong Li, Keith Mitchell, Martin Kaymer, Zach Johnson, Justin Rose, Mike Weir, Brandt Snedeker, Larry Mize, Michael Kim"
17,2,Double Bogey,Stewart Cink
17,3,Birdie,"Patrick Cantlay, Justin Harding, Si Woo Kim, Jordan Spieth, Viktor Hovland, Kevin Tway, Jimmy Walker, Andrew Landry, Eddie Pepperell, Cameron Smith, Devon Bling"
17,3,Par,"Tiger Woods, Dustin Johnson, Brooks Koepka, Xander Schauffele, Jason Day, Tony Finau, Francesco Molinari, Webb Simpson, Rickie Fowler, Jon Rahm, Matt Kuchar, Ian Poulter, Justin Thomas, Bubba Watson, Aaron Wise, Patton Kizzire, Adam Scott, Lucas Bjerregaard, Matthew Fitzpatrick, Kevin Kisner, Rory McIlroy, Thorbjorn Olesen, Kyle Stanley, Louis Oosthuizen, Hideki Matsuyama, Rafa Cabrera Bello, Tommy Fleetwood, Alvaro Ortiz, Patrick Reed, Henrik Stenson, Keegan Bradley, Corey Conners, Kevin Na, Kiradech Aphibarnrat, Marc Leishman, Trevor Immelman, Martin Kaymer, Billy Horschel, Branden Grace, Zach Johnson, Takumi Kanaya, Satoshi Kodaira, Emiliano Grillo, Alex Noren"
17,3,Bogey,"Phil Mickelson, Bryson DeChambeau, Charley Hoffman, Charles Howell III, Gary Woodland, Haotong Li, Keith Mitchell, Tyrrell Hatton, Bernhard Langer"
17,3,Double Bogey,J.B. Holmes
17,4,Birdie,"Dustin Johnson, Francesco Molinari, Rickie Fowler, Kevin Kisner, Kyle Stanley, Gary Woodland, Alvaro Ortiz, Patrick Reed, Kevin Tway, J.B. Holmes"
17,4,Par,"Tiger Woods, Brooks Koepka, Xander Schauffele, Jason Day, Tony Finau, Webb Simpson, Jon Rahm, Justin Harding, Matt Kuchar, Justin Thomas, Aaron Wise, Patton Kizzire, Phil Mickelson, Adam Scott, Lucas Bjerregaard, Matthew Fitzpatrick, Si Woo Kim, Rory McIlroy, Thorbjorn Olesen, Bryson DeChambeau, Charley Hoffman, Louis Oosthuizen, Viktor Hovland, Charles Howell III, Hideki Matsuyama, Rafa Cabrera Bello, Jimmy Walker, Keegan Bradley, Haotong Li, Keith Mitchell, Corey Conners, Andrew Landry, Kevin Na, Kiradech Aphibarnrat, Marc Leishman, Martin Kaymer, Eddie Pepperell, Cameron Smith, Tyrrell Hatton, Billy Horschel, Branden Grace, Zach Johnson, Takumi Kanaya, Satoshi Kodaira, Alex Noren"
17,4,Bogey,"Patrick Cantlay, Ian Poulter, Bubba Watson, Jordan Spieth, Tommy Fleetwood, Henrik Stenson, Trevor Immelman, Devon Bling, Emiliano Grillo, Bernhard Langer"
18,1,Birdie,"Francesco Molinari, Matt Kuchar, Phil Mickelson, Adam Scott, Bryson DeChambeau"
18,1,Par,"Tiger Woods, Dustin Johnson, Brooks Koepka, Jason Day, Tony Finau, Webb Simpson, Patrick Cantlay, Rickie Fowler, Jon Rahm, Ian Poulter, Bubba Watson, Si Woo Kim, Kevin Kisner, Thorbjorn Olesen, Jordan Spieth, Kyle Stanley, Charley Hoffman, Louis Oosthuizen, Hideki Matsuyama, Rafa Cabrera Bello, Tommy Fleetwood, Alvaro Ortiz, Henrik Stenson, Kevin Tway, Jimmy Walker, Keith Mitchell, Andrew Landry, Kiradech Aphibarnrat, Cameron Smith, Branden Grace, Zach Johnson, Takumi Kanaya, Satoshi Kodaira, Emiliano Grillo, J.B. Holmes, Bernhard Langer, Alex Noren, Stewart Cink, Sergio Garcia, Sandy Lyle, Justin Rose, Mike Weir, Danny Willett, Fred Couples, Adam Long, Brandt Snedeker, Shane Lowry, Michael Kim, Ian Woosnam, Angel Cabrera"
18,1,Bogey,"Justin Harding, Justin Thomas, Aaron Wise, Patton Kizzire, Lucas Bjerregaard, Matthew Fitzpatrick, Rory McIlroy, Viktor Hovland, Charles Howell III, Gary Woodland, Patrick Reed, Haotong Li, Corey Conners, Kevin Na, Marc Leishman, Trevor Immelman, Martin Kaymer, Eddie Pepperell, Tyrrell Hatton, Billy Horschel, Kevin O'Connell, Charl Schwartzel, Shugo Imahira, Larry Mize, Jovan Rebula, Matt Wallace, Vijay Singh, Jose Maria Olazabal"
18,1,Double Bogey,"Xander Schauffele, Keegan Bradley, Devon Bling, Paul Casey"
18,2,Birdie,"Brooks Koepka, Xander Schauffele, Patton Kizzire, Hideki Matsuyama, Gary Woodland, Tommy Fleetwood, Alvaro Ortiz, Billy Horschel, Bernhard Langer, Alex Noren"
18,2,Par,"Tiger Woods, Dustin Johnson, Jason Day, Tony Finau, Francesco Molinari, Webb Simpson, Rickie Fowler, Jon Rahm, Matt Kuchar, Ian Poulter, Bubba Watson, Aaron Wise, Phil Mickelson, Adam Scott, Matthew Fitzpatrick, Si Woo Kim, Kevin Kisner, Rory McIlroy, Thorbjorn Olesen, Jordan Spieth, Kyle Stanley, Bryson DeChambeau, Charley Hoffman, Louis Oosthuizen, Viktor Hovland, Charles Howell III, Rafa Cabrera Bello, Patrick Reed, Kevin Tway, Jimmy Walker, Keegan Bradley, Haotong Li, Andrew Landry, Kevin Na, Kiradech Aphibarnrat, Trevor Immelman, Martin Kaymer, Eddie Pepperell, Cameron Smith, Devon Bling, Tyrrell Hatton, Takumi Kanaya, Satoshi Kodaira, J.B. Holmes, Stewart Cink, Sandy Lyle, Mike Weir, Fred Couples, Adam Long, Charl Schwartzel, Shugo Imahira, Shane Lowry, Larry Mize, Vijay Singh, Angel Cabrera"
18,2,Bogey,"Patrick Cantlay, Justin Harding, Justin Thomas, Lucas Bjerregaard, Keith Mitchell, Corey Conners, Marc Leishman, Branden Grace, Zach Johnson, Emiliano Grillo, Sergio Garcia, Kevin O'Connell, Justin Rose, Danny Willett, Brandt Snedeker, Matt Wallace, Paul Casey, Ian Woosnam, Jose Maria Olazabal"
18,2,Double Bogey,"Henrik Stenson, Jovan Rebula, Michael Kim"
18,3,Birdie,"Ian Poulter, Patton Kizzire, Phil Mickelson, Louis Oosthuizen, Henrik Stenson, Keith Mitchell"
18,3,Par,"Tiger Woods, Brooks Koepka, Tony Finau, Francesco Molinari, Webb Simpson, Patrick Cantlay, Justin Harding, Matt Kuchar, Justin Thomas, Bubba Watson, Lucas Bjerregaard, Matthew Fitzpatrick, Si Woo Kim, Kevin Kisner, Jordan Spieth, Kyle Stanley, Bryson DeChambeau, Charley Hoffman, Gary Woodland, Tommy Fleetwood, Kevin Tway, Keegan Bradley, Haotong Li, Corey Conners, Andrew Landry, Kiradech Aphibarnrat, Marc Leishman, Martin Kaymer, Cameron Smith, Devon Bling, Tyrrell Hatton, Billy Horschel, Branden Grace, Zach Johnson, Takumi Kanaya, Satoshi Kodaira, Emiliano Grillo, J.B. Holmes, Alex Noren"
18,3,Bogey,"Dustin Johnson, Xander Schauffele, Jason Day, Rickie Fowler, Jon Rahm, Aaron Wise, Adam Scott, Rory McIlroy, Thorbjorn Olesen, Viktor Hovland, Charles Howell III, Rafa Cabrera Bello, Alvaro Ortiz, Patrick Reed, Jimmy Walker, Kevin Na, Trevor Immelman, Eddie Pepperell"
18,3,Double Bogey,"Hideki Matsuyama, Bernhard Langer"
18,4,Birdie,"Jason Day, Webb Simpson, Justin Harding, Aaron Wise, Charles Howell III, Jimmy Walker, Haotong Li, Kevin Na, Kiradech Aphibarnrat, Branden Grace"
18,4,Par,"Dustin Johnson, Brooks Koepka, Xander Schauffele, Tony Finau, Francesco Molinari, Patrick Cantlay, Jon Rahm, Matt Kuchar, Ian Poulter, Patton Kizzire, Phil Mickelson, Adam Scott, Lucas Bjerregaard, Si Woo Kim, Kevin Kisner, Rory McIlroy, Thorbjorn Olesen, Jordan Spieth, Kyle Stanley, Bryson DeChambeau, Louis Oosthuizen, Gary Woodland, Rafa Cabrera Bello, Alvaro Ortiz, Henrik Stenson, Kevin Tway, Keegan Bradley, Corey Conners, Andrew Landry, Trevor Immelman, Martin Kaymer, Eddie Pepperell, Cameron Smith, Devon Bling, Tyrrell Hatton, Billy Horschel, Zach Johnson, Takumi Kanaya, Satoshi Kodaira, Emiliano Grillo"
18,4,Bogey,"Tiger Woods, Rickie Fowler, Justin Thomas, Bubba Watson, Matthew Fitzpatrick, Charley Hoffman, Viktor Hovland, Hideki Matsuyama, Tommy Fleetwood, Patrick Reed, Keith Mitchell, Marc Leishman, J.B. Holmes, Alex Noren"
18,4,Double Bogey,Bernhard Langer
