,Hole,Round,Birdie,Bogey,Double Bogey,Eagle,Other,Par
1,1,1,"Xander Schauffele, Justin Harding, Takumi Kanaya, J.B. Holmes, Brandt Snedeker","Jason Day, Aaron Wise, Matthew Fitzpatrick, Rory McIlroy, Jordan Spieth, Kyle Stanley, Charley Hoffman, Charles Howell III, Hideki Matsuyama, Gary Woodland, Rafa Cabrera Bello, Andrew Landry, Marc Leishman, Cameron Smith, Branden Grace, Zach Johnson, Satoshi Kodaira, Stewart Cink, Mike Weir, Adam Long, Shane Lowry, Jovan Rebula, Matt Wallace, Paul Casey, Vijay Singh, Angel Cabrera",Keegan Bradley,NA,NA,"Tiger Woods, Dustin Johnson, Brooks Koepka, Tony Finau, Francesco Molinari, Webb Simpson, Patrick Cantlay, Rickie Fowler, Jon Rahm, Matt Kuchar, Ian Poulter, Justin Thomas, Bubba Watson, Patton Kizzire, Phil Mickelson, Adam Scott, Lucas Bjerregaard, Si Woo Kim, Kevin Kisner, Thorbjorn Olesen, Bryson DeChambeau, Louis Oosthuizen, Viktor Hovland, Tommy Fleetwood, Alvaro Ortiz, Patrick Reed, Henrik Stenson, Kevin Tway, Jimmy Walker, Haotong Li, Keith Mitchell, Corey Conners, Kevin Na, Kiradech Aphibarnrat, Trevor Immelman, Martin Kaymer, Eddie Pepperell, Devon Bling, Tyrrell Hatton, Billy Horschel, Emiliano Grillo, Bernhard Langer, Alex Noren, Sergio Garcia, Sandy Lyle, Kevin O'Connell, Justin Rose, Danny Willett, Fred Couples, Charl Schwartzel, Shugo Imahira, Larry Mize, Michael Kim, Ian Woosnam, Jose Maria Olazabal"
2,1,2,"Brooks Koepka, Charley Hoffman, Louis Oosthuizen, Martin Kaymer, Billy Horschel, Bernhard Langer, Justin Rose, Shugo Imahira","Dustin Johnson, Xander Schauffele, Matt Kuchar, Ian Poulter, Patton Kizzire, Lucas Bjerregaard, Jordan Spieth, Tommy Fleetwood, Kevin Tway, Kevin Na, Cameron Smith, Devon Bling, Tyrrell Hatton, Branden Grace, J.B. Holmes, Kevin O'Connell, Charl Schwartzel, Larry Mize, Matt Wallace, Ian Woosnam, Angel Cabrera, Jose Maria Olazabal",NA,NA,NA,"Tiger Woods, Jason Day, Tony Finau, Francesco Molinari, Webb Simpson, Patrick Cantlay, Rickie Fowler, Jon Rahm, Justin Harding, Justin Thomas, Bubba Watson, Aaron Wise, Phil Mickelson, Adam Scott, Matthew Fitzpatrick, Si Woo Kim, Kevin Kisner, Rory McIlroy, Thorbjorn Olesen, Kyle Stanley, Bryson DeChambeau, Viktor Hovland, Charles Howell III, Hideki Matsuyama, Gary Woodland, Rafa Cabrera Bello, Alvaro Ortiz, Patrick Reed, Henrik Stenson, Jimmy Walker, Keegan Bradley, Haotong Li, Keith Mitchell, Corey Conners, Andrew Landry, Kiradech Aphibarnrat, Marc Leishman, Trevor Immelman, Eddie Pepperell, Zach Johnson, Takumi Kanaya, Satoshi Kodaira, Emiliano Grillo, Alex Noren, Stewart Cink, Sergio Garcia, Sandy Lyle, Mike Weir, Danny Willett, Fred Couples, Adam Long, Brandt Snedeker, Shane Lowry, Jovan Rebula, Paul Casey, Michael Kim, Vijay Singh"
3,1,3,"Tony Finau, Patrick Cantlay, Justin Thomas, Adam Scott, Jordan Spieth, Charley Hoffman","Brooks Koepka, Rickie Fowler, Gary Woodland, Kevin Tway, Keith Mitchell, Trevor Immelman, Satoshi Kodaira, Alex Noren",NA,NA,NA,"Tiger Woods, Dustin Johnson, Xander Schauffele, Jason Day, Francesco Molinari, Webb Simpson, Jon Rahm, Justin Harding, Matt Kuchar, Ian Poulter, Bubba Watson, Aaron Wise, Patton Kizzire, Phil Mickelson, Lucas Bjerregaard, Matthew Fitzpatrick, Si Woo Kim, Kevin Kisner, Rory McIlroy, Thorbjorn Olesen, Kyle Stanley, Bryson DeChambeau, Louis Oosthuizen, Viktor Hovland, Charles Howell III, Hideki Matsuyama, Rafa Cabrera Bello, Tommy Fleetwood, Alvaro Ortiz, Patrick Reed, Henrik Stenson, Jimmy Walker, Keegan Bradley, Haotong Li, Corey Conners, Andrew Landry, Kevin Na, Kiradech Aphibarnrat, Marc Leishman, Martin Kaymer, Eddie Pepperell, Cameron Smith, Devon Bling, Tyrrell Hatton, Billy Horschel, Branden Grace, Zach Johnson, Takumi Kanaya, Emiliano Grillo, J.B. Holmes, Bernhard Langer"
4,1,4,"Xander Schauffele, Patrick Cantlay, Rickie Fowler, Justin Harding, Patton Kizzire, Rory McIlroy, Jordan Spieth, Louis Oosthuizen, Viktor Hovland, Jimmy Walker, Keith Mitchell, Andrew Landry, Eddie Pepperell, Bernhard Langer","Phil Mickelson, Lucas Bjerregaard, Thorbjorn Olesen, Charley Hoffman, Kevin Tway, Keegan Bradley, Marc Leishman, Zach Johnson, Alex Noren",Tyrrell Hatton,NA,NA,"Tiger Woods, Dustin Johnson, Brooks Koepka, Jason Day, Tony Finau, Francesco Molinari, Webb Simpson, Jon Rahm, Matt Kuchar, Ian Poulter, Justin Thomas, Bubba Watson, Aaron Wise, Adam Scott, Matthew Fitzpatrick, Si Woo Kim, Kevin Kisner, Kyle Stanley, Bryson DeChambeau, Charles Howell III, Hideki Matsuyama, Gary Woodland, Rafa Cabrera Bello, Tommy Fleetwood, Alvaro Ortiz, Patrick Reed, Henrik Stenson, Haotong Li, Corey Conners, Kevin Na, Kiradech Aphibarnrat, Trevor Immelman, Martin Kaymer, Cameron Smith, Devon Bling, Billy Horschel, Branden Grace, Takumi Kanaya, Satoshi Kodaira, Emiliano Grillo, J.B. Holmes"
5,2,1,"Tiger Woods, Dustin Johnson, Brooks Koepka, Xander Schauffele, Jason Day, Francesco Molinari, Patrick Cantlay, Matt Kuchar, Ian Poulter, Aaron Wise, Phil Mickelson, Lucas Bjerregaard, Kevin Kisner, Jordan Spieth, Kyle Stanley, Bryson DeChambeau, Charley Hoffman, Louis Oosthuizen, Viktor Hovland, Gary Woodland, Tommy Fleetwood, Kevin Tway, Keegan Bradley, Haotong Li, Andrew Landry, Kevin Na, Trevor Immelman, Martin Kaymer, Eddie Pepperell, Tyrrell Hatton, Branden Grace, Takumi Kanaya, Emiliano Grillo, Bernhard Langer, Alex Noren, Stewart Cink, Sandy Lyle, Danny Willett, Fred Couples, Michael Kim","Webb Simpson, Hideki Matsuyama, Billy Horschel, Shugo Imahira, Matt Wallace",Jose Maria Olazabal,Patton Kizzire,NA,"Tony Finau, Rickie Fowler, Jon Rahm, Justin Harding, Justin Thomas, Bubba Watson, Adam Scott, Matthew Fitzpatrick, Si Woo Kim, Rory McIlroy, Thorbjorn Olesen, Charles Howell III, Rafa Cabrera Bello, Alvaro Ortiz, Patrick Reed, Henrik Stenson, Jimmy Walker, Keith Mitchell, Corey Conners, Kiradech Aphibarnrat, Marc Leishman, Cameron Smith, Devon Bling, Zach Johnson, Satoshi Kodaira, J.B. Holmes, Sergio Garcia, Kevin O'Connell, Justin Rose, Mike Weir, Adam Long, Charl Schwartzel, Brandt Snedeker, Shane Lowry, Larry Mize, Jovan Rebula, Paul Casey, Vijay Singh, Ian Woosnam, Angel Cabrera"
6,2,2,"Xander Schauffele, Jason Day, Webb Simpson, Jon Rahm, Matt Kuchar, Ian Poulter, Justin Thomas, Bubba Watson, Aaron Wise, Patton Kizzire, Phil Mickelson, Matthew Fitzpatrick, Jordan Spieth, Bryson DeChambeau, Viktor Hovland, Charles Howell III, Hideki Matsuyama, Tommy Fleetwood, Patrick Reed, Keegan Bradley, Cameron Smith, Billy Horschel, Branden Grace, Zach Johnson, Emiliano Grillo, Alex Noren, Sandy Lyle, Justin Rose, Danny Willett, Charl Schwartzel, Matt Wallace, Ian Woosnam","Rory McIlroy, Jimmy Walker, Marc Leishman, Devon Bling, Satoshi Kodaira, Kevin O'Connell, Mike Weir, Jose Maria Olazabal","Brooks Koepka, Adam Long",NA,NA,"Tiger Woods, Dustin Johnson, Tony Finau, Francesco Molinari, Patrick Cantlay, Rickie Fowler, Justin Harding, Adam Scott, Lucas Bjerregaard, Si Woo Kim, Kevin Kisner, Thorbjorn Olesen, Kyle Stanley, Charley Hoffman, Louis Oosthuizen, Gary Woodland, Rafa Cabrera Bello, Alvaro Ortiz, Henrik Stenson, Kevin Tway, Haotong Li, Keith Mitchell, Corey Conners, Andrew Landry, Kevin Na, Kiradech Aphibarnrat, Trevor Immelman, Martin Kaymer, Eddie Pepperell, Tyrrell Hatton, Takumi Kanaya, J.B. Holmes, Bernhard Langer, Stewart Cink, Sergio Garcia, Fred Couples, Brandt Snedeker, Shugo Imahira, Shane Lowry, Larry Mize, Jovan Rebula, Paul Casey, Michael Kim, Vijay Singh, Angel Cabrera"
7,2,3,"Dustin Johnson, Brooks Koepka, Xander Schauffele, Tony Finau, Webb Simpson, Rickie Fowler, Justin Harding, Aaron Wise, Phil Mickelson, Lucas Bjerregaard, Matthew Fitzpatrick, Si Woo Kim, Thorbjorn Olesen, Hideki Matsuyama, Gary Woodland, Tommy Fleetwood, Henrik Stenson, Kevin Tway, Haotong Li, Keith Mitchell, Corey Conners, Andrew Landry, Marc Leishman, Martin Kaymer, Cameron Smith, Tyrrell Hatton, Zach Johnson, Takumi Kanaya, Satoshi Kodaira, J.B. Holmes","Bryson DeChambeau, Rafa Cabrera Bello, Jimmy Walker, Kiradech Aphibarnrat, Devon Bling",Jordan Spieth,NA,NA,"Tiger Woods, Jason Day, Francesco Molinari, Patrick Cantlay, Jon Rahm, Matt Kuchar, Ian Poulter, Justin Thomas, Bubba Watson, Patton Kizzire, Adam Scott, Kevin Kisner, Rory McIlroy, Kyle Stanley, Charley Hoffman, Louis Oosthuizen, Viktor Hovland, Charles Howell III, Alvaro Ortiz, Patrick Reed, Keegan Bradley, Kevin Na, Trevor Immelman, Eddie Pepperell, Billy Horschel, Branden Grace, Emiliano Grillo, Bernhard Langer, Alex Noren"
8,2,4,"Brooks Koepka, Xander Schauffele, Jason Day, Patrick Cantlay, Jon Rahm, Matt Kuchar, Justin Thomas, Adam Scott, Matthew Fitzpatrick, Si Woo Kim, Rory McIlroy, Thorbjorn Olesen, Jordan Spieth, Charley Hoffman, Viktor Hovland, Kevin Na, Trevor Immelman, Martin Kaymer, Eddie Pepperell, Tyrrell Hatton, Billy Horschel, J.B. Holmes, Alex Noren","Justin Harding, Ian Poulter, Marc Leishman",NA,NA,NA,"Tiger Woods, Dustin Johnson, Tony Finau, Francesco Molinari, Webb Simpson, Rickie Fowler, Bubba Watson, Aaron Wise, Patton Kizzire, Phil Mickelson, Lucas Bjerregaard, Kevin Kisner, Kyle Stanley, Bryson DeChambeau, Louis Oosthuizen, Charles Howell III, Hideki Matsuyama, Gary Woodland, Rafa Cabrera Bello, Tommy Fleetwood, Alvaro Ortiz, Patrick Reed, Henrik Stenson, Kevin Tway, Jimmy Walker, Keegan Bradley, Haotong Li, Keith Mitchell, Corey Conners, Andrew Landry, Kiradech Aphibarnrat, Cameron Smith, Devon Bling, Branden Grace, Zach Johnson, Takumi Kanaya, Satoshi Kodaira, Emiliano Grillo, Bernhard Langer"
9,3,1,"Webb Simpson, Jon Rahm, Justin Harding, Justin Thomas, Lucas Bjerregaard, Rory McIlroy, Thorbjorn Olesen, Louis Oosthuizen, Rafa Cabrera Bello, Henrik Stenson, Jimmy Walker, Haotong Li, Billy Horschel, Satoshi Kodaira, Adam Long, Shane Lowry, Angel Cabrera","Xander Schauffele, Rickie Fowler, Jordan Spieth, Bryson DeChambeau, Viktor Hovland, Hideki Matsuyama, Corey Conners, Trevor Immelman, J.B. Holmes, Fred Couples, Paul Casey, Michael Kim, Vijay Singh",Martin Kaymer,NA,NA,"Tiger Woods, Dustin Johnson, Brooks Koepka, Jason Day, Tony Finau, Francesco Molinari, Patrick Cantlay, Matt Kuchar, Ian Poulter, Bubba Watson, Aaron Wise, Patton Kizzire, Phil Mickelson, Adam Scott, Matthew Fitzpatrick, Si Woo Kim, Kevin Kisner, Kyle Stanley, Charley Hoffman, Charles Howell III, Gary Woodland, Tommy Fleetwood, Alvaro Ortiz, Patrick Reed, Kevin Tway, Keegan Bradley, Keith Mitchell, Andrew Landry, Kevin Na, Kiradech Aphibarnrat, Marc Leishman, Eddie Pepperell, Cameron Smith, Devon Bling, Tyrrell Hatton, Branden Grace, Zach Johnson, Takumi Kanaya, Emiliano Grillo, Bernhard Langer, Alex Noren, Stewart Cink, Sergio Garcia, Sandy Lyle, Kevin O'Connell, Justin Rose, Mike Weir, Danny Willett, Charl Schwartzel, Brandt Snedeker, Shugo Imahira, Larry Mize, Jovan Rebula, Matt Wallace, Ian Woosnam, Jose Maria Olazabal"
10,3,2,"Brooks Koepka, Xander Schauffele, Francesco Molinari, Jon Rahm, Thorbjorn Olesen, Rafa Cabrera Bello, Tommy Fleetwood, Alvaro Ortiz, Patrick Reed, Henrik Stenson, Corey Conners, Zach Johnson, Fred Couples, Brandt Snedeker, Jovan Rebula, Michael Kim","Rickie Fowler, Branden Grace, J.B. Holmes, Sergio Garcia, Sandy Lyle, Justin Rose, Danny Willett, Jose Maria Olazabal",NA,NA,NA,"Tiger Woods, Dustin Johnson, Jason Day, Tony Finau, Webb Simpson, Patrick Cantlay, Justin Harding, Matt Kuchar, Ian Poulter, Justin Thomas, Bubba Watson, Aaron Wise, Patton Kizzire, Phil Mickelson, Adam Scott, Lucas Bjerregaard, Matthew Fitzpatrick, Si Woo Kim, Kevin Kisner, Rory McIlroy, Jordan Spieth, Kyle Stanley, Bryson DeChambeau, Charley Hoffman, Louis Oosthuizen, Viktor Hovland, Charles Howell III, Hideki Matsuyama, Gary Woodland, Kevin Tway, Jimmy Walker, Keegan Bradley, Haotong Li, Keith Mitchell, Andrew Landry, Kevin Na, Kiradech Aphibarnrat, Marc Leishman, Trevor Immelman, Martin Kaymer, Eddie Pepperell, Cameron Smith, Devon Bling, Tyrrell Hatton, Billy Horschel, Takumi Kanaya, Satoshi Kodaira, Emiliano Grillo, Bernhard Langer, Alex Noren, Stewart Cink, Kevin O'Connell, Mike Weir, Adam Long, Charl Schwartzel, Shugo Imahira, Shane Lowry, Larry Mize, Matt Wallace, Paul Casey, Vijay Singh, Ian Woosnam, Angel Cabrera"
11,3,3,"Brooks Koepka, Xander Schauffele, Tony Finau, Rickie Fowler, Justin Harding, Matt Kuchar, Justin Thomas, Bubba Watson, Patton Kizzire, Phil Mickelson, Matthew Fitzpatrick, Si Woo Kim, Jordan Spieth, Kyle Stanley, Hideki Matsuyama, Patrick Reed, Henrik Stenson, Kevin Tway, Keegan Bradley, Marc Leishman, Trevor Immelman, Devon Bling, Tyrrell Hatton, Zach Johnson, Takumi Kanaya","Keith Mitchell, Emiliano Grillo",NA,NA,NA,"Tiger Woods, Dustin Johnson, Jason Day, Francesco Molinari, Webb Simpson, Patrick Cantlay, Jon Rahm, Ian Poulter, Aaron Wise, Adam Scott, Lucas Bjerregaard, Kevin Kisner, Rory McIlroy, Thorbjorn Olesen, Bryson DeChambeau, Charley Hoffman, Louis Oosthuizen, Viktor Hovland, Charles Howell III, Gary Woodland, Rafa Cabrera Bello, Tommy Fleetwood, Alvaro Ortiz, Jimmy Walker, Haotong Li, Corey Conners, Andrew Landry, Kevin Na, Kiradech Aphibarnrat, Martin Kaymer, Eddie Pepperell, Cameron Smith, Billy Horschel, Branden Grace, Satoshi Kodaira, J.B. Holmes, Bernhard Langer, Alex Noren"
12,3,4,"Tiger Woods, Phil Mickelson, Kevin Kisner, Bryson DeChambeau, Charley Hoffman, Gary Woodland, Rafa Cabrera Bello, Alvaro Ortiz, Haotong Li, Keith Mitchell, Andrew Landry","Dustin Johnson, Xander Schauffele, Jon Rahm, Matthew Fitzpatrick, Patrick Reed, Jimmy Walker, Keegan Bradley, Kiradech Aphibarnrat, Martin Kaymer, Tyrrell Hatton, Zach Johnson, Satoshi Kodaira",NA,NA,NA,"Brooks Koepka, Jason Day, Tony Finau, Francesco Molinari, Webb Simpson, Patrick Cantlay, Rickie Fowler, Justin Harding, Matt Kuchar, Ian Poulter, Justin Thomas, Bubba Watson, Aaron Wise, Patton Kizzire, Adam Scott, Lucas Bjerregaard, Si Woo Kim, Rory McIlroy, Thorbjorn Olesen, Jordan Spieth, Kyle Stanley, Louis Oosthuizen, Viktor Hovland, Charles Howell III, Hideki Matsuyama, Tommy Fleetwood, Henrik Stenson, Kevin Tway, Corey Conners, Kevin Na, Marc Leishman, Trevor Immelman, Eddie Pepperell, Cameron Smith, Devon Bling, Billy Horschel, Branden Grace, Takumi Kanaya, Emiliano Grillo, J.B. Holmes, Bernhard Langer, Alex Noren"
13,4,1,"Jon Rahm, Bryson DeChambeau, Kevin Tway, Branden Grace, Emiliano Grillo, Bernhard Langer","Tony Finau, Justin Thomas, Matthew Fitzpatrick, Kevin Kisner, Kyle Stanley, Patrick Reed, Jimmy Walker, Keith Mitchell, Andrew Landry, Kiradech Aphibarnrat, Billy Horschel, Takumi Kanaya, Satoshi Kodaira, Alex Noren, Kevin O'Connell, Mike Weir, Charl Schwartzel, Brandt Snedeker, Larry Mize, Jovan Rebula, Paul Casey, Michael Kim, Ian Woosnam, Angel Cabrera","Lucas Bjerregaard, Shugo Imahira",NA,NA,"Tiger Woods, Dustin Johnson, Brooks Koepka, Xander Schauffele, Jason Day, Francesco Molinari, Webb Simpson, Patrick Cantlay, Rickie Fowler, Justin Harding, Matt Kuchar, Ian Poulter, Bubba Watson, Aaron Wise, Patton Kizzire, Phil Mickelson, Adam Scott, Si Woo Kim, Rory McIlroy, Thorbjorn Olesen, Jordan Spieth, Charley Hoffman, Louis Oosthuizen, Viktor Hovland, Charles Howell III, Hideki Matsuyama, Gary Woodland, Rafa Cabrera Bello, Tommy Fleetwood, Alvaro Ortiz, Henrik Stenson, Keegan Bradley, Haotong Li, Corey Conners, Kevin Na, Marc Leishman, Trevor Immelman, Martin Kaymer, Eddie Pepperell, Cameron Smith, Devon Bling, Tyrrell Hatton, Zach Johnson, J.B. Holmes, Stewart Cink, Sergio Garcia, Sandy Lyle, Justin Rose, Danny Willett, Fred Couples, Adam Long, Shane Lowry, Matt Wallace, Vijay Singh, Jose Maria Olazabal"
14,4,2,"Tiger Woods, Matt Kuchar, Louis Oosthuizen, Gary Woodland, Keegan Bradley, Marc Leishman, Devon Bling","Brooks Koepka, Viktor Hovland, Tommy Fleetwood, Alvaro Ortiz, Patrick Reed, Corey Conners, Martin Kaymer, Branden Grace, Takumi Kanaya, Mike Weir, Charl Schwartzel, Ian Woosnam",Billy Horschel,NA,NA,"Dustin Johnson, Xander Schauffele, Jason Day, Tony Finau, Francesco Molinari, Webb Simpson, Patrick Cantlay, Rickie Fowler, Jon Rahm, Justin Harding, Ian Poulter, Justin Thomas, Bubba Watson, Aaron Wise, Patton Kizzire, Phil Mickelson, Adam Scott, Lucas Bjerregaard, Matthew Fitzpatrick, Si Woo Kim, Kevin Kisner, Rory McIlroy, Thorbjorn Olesen, Jordan Spieth, Kyle Stanley, Bryson DeChambeau, Charley Hoffman, Charles Howell III, Hideki Matsuyama, Rafa Cabrera Bello, Henrik Stenson, Kevin Tway, Jimmy Walker, Haotong Li, Keith Mitchell, Andrew Landry, Kevin Na, Kiradech Aphibarnrat, Trevor Immelman, Eddie Pepperell, Cameron Smith, Tyrrell Hatton, Zach Johnson, Satoshi Kodaira, Emiliano Grillo, J.B. Holmes, Bernhard Langer, Alex Noren, Stewart Cink, Sergio Garcia, Sandy Lyle, Kevin O'Connell, Justin Rose, Danny Willett, Fred Couples, Adam Long, Brandt Snedeker, Shugo Imahira, Shane Lowry, Larry Mize, Jovan Rebula, Matt Wallace, Paul Casey, Michael Kim, Vijay Singh, Angel Cabrera, Jose Maria Olazabal"
15,4,3,"Patrick Cantlay, Rickie Fowler, Rory McIlroy, Charley Hoffman","Jon Rahm, Justin Harding, Patton Kizzire, Lucas Bjerregaard, Louis Oosthuizen, Viktor Hovland, Charles Howell III, Hideki Matsuyama, Gary Woodland, Alvaro Ortiz, Henrik Stenson, Kevin Tway, Jimmy Walker, Keith Mitchell, Kiradech Aphibarnrat, Marc Leishman, Trevor Immelman, Devon Bling, Emiliano Grillo, J.B. Holmes",Si Woo Kim,NA,NA,"Tiger Woods, Dustin Johnson, Brooks Koepka, Xander Schauffele, Jason Day, Tony Finau, Francesco Molinari, Webb Simpson, Matt Kuchar, Ian Poulter, Justin Thomas, Bubba Watson, Aaron Wise, Phil Mickelson, Adam Scott, Matthew Fitzpatrick, Kevin Kisner, Thorbjorn Olesen, Jordan Spieth, Kyle Stanley, Bryson DeChambeau, Rafa Cabrera Bello, Tommy Fleetwood, Patrick Reed, Keegan Bradley, Haotong Li, Corey Conners, Andrew Landry, Kevin Na, Martin Kaymer, Eddie Pepperell, Cameron Smith, Tyrrell Hatton, Billy Horschel, Branden Grace, Zach Johnson, Takumi Kanaya, Satoshi Kodaira, Bernhard Langer, Alex Noren"
16,4,4,"Jordan Spieth, Hideki Matsuyama, Marc Leishman","Tiger Woods, Jason Day, Patrick Cantlay, Justin Harding, Matt Kuchar, Patton Kizzire, Rory McIlroy, Viktor Hovland, Kevin Tway, Haotong Li, Trevor Immelman, Cameron Smith, Branden Grace, Satoshi Kodaira, Bernhard Langer","Adam Scott, Takumi Kanaya",NA,NA,"Dustin Johnson, Brooks Koepka, Xander Schauffele, Tony Finau, Francesco Molinari, Webb Simpson, Rickie Fowler, Jon Rahm, Ian Poulter, Justin Thomas, Bubba Watson, Aaron Wise, Phil Mickelson, Lucas Bjerregaard, Matthew Fitzpatrick, Si Woo Kim, Kevin Kisner, Thorbjorn Olesen, Kyle Stanley, Bryson DeChambeau, Charley Hoffman, Louis Oosthuizen, Charles Howell III, Gary Woodland, Rafa Cabrera Bello, Tommy Fleetwood, Alvaro Ortiz, Patrick Reed, Henrik Stenson, Jimmy Walker, Keegan Bradley, Keith Mitchell, Corey Conners, Andrew Landry, Kevin Na, Kiradech Aphibarnrat, Martin Kaymer, Eddie Pepperell, Devon Bling, Tyrrell Hatton, Billy Horschel, Zach Johnson, Emiliano Grillo, J.B. Holmes, Alex Noren"
17,5,1,"Hideki Matsuyama, Gary Woodland, Marc Leishman, Billy Horschel","Tiger Woods, Xander Schauffele, Jon Rahm, Justin Harding, Matthew Fitzpatrick, Louis Oosthuizen, Alvaro Ortiz, Henrik Stenson, Kevin Tway, Trevor Immelman, Eddie Pepperell, Devon Bling, Emiliano Grillo, Stewart Cink, Sandy Lyle, Kevin O'Connell, Justin Rose, Danny Willett, Fred Couples, Charl Schwartzel, Brandt Snedeker, Matt Wallace, Ian Woosnam, Angel Cabrera","Patrick Cantlay, Paul Casey",NA,NA,"Dustin Johnson, Brooks Koepka, Jason Day, Tony Finau, Francesco Molinari, Webb Simpson, Rickie Fowler, Matt Kuchar, Ian Poulter, Justin Thomas, Bubba Watson, Aaron Wise, Patton Kizzire, Phil Mickelson, Adam Scott, Lucas Bjerregaard, Si Woo Kim, Kevin Kisner, Rory McIlroy, Thorbjorn Olesen, Jordan Spieth, Kyle Stanley, Bryson DeChambeau, Charley Hoffman, Viktor Hovland, Charles Howell III, Rafa Cabrera Bello, Tommy Fleetwood, Patrick Reed, Jimmy Walker, Keegan Bradley, Haotong Li, Keith Mitchell, Corey Conners, Andrew Landry, Kevin Na, Kiradech Aphibarnrat, Martin Kaymer, Cameron Smith, Tyrrell Hatton, Branden Grace, Zach Johnson, Takumi Kanaya, Satoshi Kodaira, J.B. Holmes, Bernhard Langer, Alex Noren, Sergio Garcia, Mike Weir, Adam Long, Shugo Imahira, Shane Lowry, Larry Mize, Jovan Rebula, Michael Kim, Vijay Singh, Jose Maria Olazabal"
18,5,2,"Jason Day, Charles Howell III, Rafa Cabrera Bello, Devon Bling, Kevin O'Connell","Tiger Woods, Patrick Cantlay, Bubba Watson, Aaron Wise, Phil Mickelson, Si Woo Kim, Thorbjorn Olesen, Kyle Stanley, Charley Hoffman, Viktor Hovland, Henrik Stenson, Kevin Tway, Keegan Bradley, Kiradech Aphibarnrat, Martin Kaymer, Cameron Smith, Billy Horschel, Takumi Kanaya, Bernhard Langer, Sergio Garcia, Justin Rose, Danny Willett, Charl Schwartzel, Brandt Snedeker, Shugo Imahira, Shane Lowry, Jovan Rebula, Vijay Singh, Ian Woosnam, Angel Cabrera, Jose Maria Olazabal","Alex Noren, Sandy Lyle",NA,NA,"Dustin Johnson, Brooks Koepka, Xander Schauffele, Tony Finau, Francesco Molinari, Webb Simpson, Rickie Fowler, Jon Rahm, Justin Harding, Matt Kuchar, Ian Poulter, Justin Thomas, Patton Kizzire, Adam Scott, Lucas Bjerregaard, Matthew Fitzpatrick, Kevin Kisner, Rory McIlroy, Jordan Spieth, Bryson DeChambeau, Louis Oosthuizen, Hideki Matsuyama, Gary Woodland, Tommy Fleetwood, Alvaro Ortiz, Patrick Reed, Jimmy Walker, Haotong Li, Keith Mitchell, Corey Conners, Andrew Landry, Kevin Na, Marc Leishman, Trevor Immelman, Eddie Pepperell, Tyrrell Hatton, Branden Grace, Zach Johnson, Satoshi Kodaira, Emiliano Grillo, J.B. Holmes, Stewart Cink, Mike Weir, Fred Couples, Adam Long, Larry Mize, Matt Wallace, Paul Casey, Michael Kim"
19,5,3,Keegan Bradley,"Tiger Woods, Brooks Koepka, Justin Harding, Bubba Watson, Phil Mickelson, Adam Scott, Kevin Kisner, Thorbjorn Olesen, Jordan Spieth, Kyle Stanley, Bryson DeChambeau, Louis Oosthuizen, Viktor Hovland, Charles Howell III, Hideki Matsuyama, Gary Woodland, Patrick Reed, Corey Conners, Andrew Landry, Kiradech Aphibarnrat, Trevor Immelman, Cameron Smith, Billy Horschel, Branden Grace, Zach Johnson, Satoshi Kodaira, J.B. Holmes",Lucas Bjerregaard,NA,NA,"Dustin Johnson, Xander Schauffele, Jason Day, Tony Finau, Francesco Molinari, Webb Simpson, Patrick Cantlay, Rickie Fowler, Jon Rahm, Matt Kuchar, Ian Poulter, Justin Thomas, Aaron Wise, Patton Kizzire, Matthew Fitzpatrick, Si Woo Kim, Rory McIlroy, Charley Hoffman, Rafa Cabrera Bello, Tommy Fleetwood, Alvaro Ortiz, Henrik Stenson, Kevin Tway, Jimmy Walker, Haotong Li, Keith Mitchell, Kevin Na, Marc Leishman, Martin Kaymer, Eddie Pepperell, Devon Bling, Tyrrell Hatton, Takumi Kanaya, Emiliano Grillo, Bernhard Langer, Alex Noren"
20,5,4,"Patrick Cantlay, Phil Mickelson, Matthew Fitzpatrick","Tiger Woods, Xander Schauffele, Tony Finau, Adam Scott, Lucas Bjerregaard, Si Woo Kim, Jordan Spieth, Kyle Stanley, Charley Hoffman, Louis Oosthuizen, Hideki Matsuyama, Alvaro Ortiz, Henrik Stenson, Corey Conners, Marc Leishman, Eddie Pepperell, Cameron Smith, Satoshi Kodaira, Emiliano Grillo, Bernhard Langer, Alex Noren",Haotong Li,NA,NA,"Dustin Johnson, Brooks Koepka, Jason Day, Francesco Molinari, Webb Simpson, Rickie Fowler, Jon Rahm, Justin Harding, Matt Kuchar, Ian Poulter, Justin Thomas, Bubba Watson, Aaron Wise, Patton Kizzire, Kevin Kisner, Rory McIlroy, Thorbjorn Olesen, Bryson DeChambeau, Viktor Hovland, Charles Howell III, Gary Woodland, Rafa Cabrera Bello, Tommy Fleetwood, Patrick Reed, Kevin Tway, Jimmy Walker, Keegan Bradley, Keith Mitchell, Andrew Landry, Kevin Na, Kiradech Aphibarnrat, Trevor Immelman, Martin Kaymer, Devon Bling, Tyrrell Hatton, Billy Horschel, Branden Grace, Zach Johnson, Takumi Kanaya, J.B. Holmes"
21,6,1,"Justin Harding, Ian Poulter, Lucas Bjerregaard, Matthew Fitzpatrick, Charley Hoffman, Henrik Stenson, Kevin Tway, Corey Conners, Kevin Na, Branden Grace, J.B. Holmes, Sandy Lyle, Shugo Imahira, Michael Kim","Justin Thomas, Bubba Watson, Si Woo Kim, Rory McIlroy, Haotong Li, Trevor Immelman, Eddie Pepperell, Tyrrell Hatton, Bernhard Langer, Danny Willett, Charl Schwartzel, Larry Mize, Angel Cabrera","Jordan Spieth, Sergio Garcia",NA,NA,"Tiger Woods, Dustin Johnson, Brooks Koepka, Xander Schauffele, Jason Day, Tony Finau, Francesco Molinari, Webb Simpson, Patrick Cantlay, Rickie Fowler, Jon Rahm, Matt Kuchar, Aaron Wise, Patton Kizzire, Phil Mickelson, Adam Scott, Kevin Kisner, Thorbjorn Olesen, Kyle Stanley, Bryson DeChambeau, Louis Oosthuizen, Viktor Hovland, Charles Howell III, Hideki Matsuyama, Gary Woodland, Rafa Cabrera Bello, Tommy Fleetwood, Alvaro Ortiz, Patrick Reed, Jimmy Walker, Keegan Bradley, Keith Mitchell, Andrew Landry, Kiradech Aphibarnrat, Marc Leishman, Martin Kaymer, Cameron Smith, Devon Bling, Billy Horschel, Zach Johnson, Takumi Kanaya, Satoshi Kodaira, Emiliano Grillo, Alex Noren, Stewart Cink, Kevin O'Connell, Justin Rose, Mike Weir, Fred Couples, Adam Long, Brandt Snedeker, Shane Lowry, Jovan Rebula, Matt Wallace, Paul Casey, Vijay Singh, Ian Woosnam, Jose Maria Olazabal"
22,6,2,"Tiger Woods, Rickie Fowler, Matt Kuchar, Justin Thomas, Rory McIlroy, Louis Oosthuizen, Brandt Snedeker, Angel Cabrera","Brooks Koepka, Kevin Kisner, Tommy Fleetwood, Alvaro Ortiz, Patrick Reed, Haotong Li, Bernhard Langer, Danny Willett",NA,NA,NA,"Dustin Johnson, Xander Schauffele, Jason Day, Tony Finau, Francesco Molinari, Webb Simpson, Patrick Cantlay, Jon Rahm, Justin Harding, Ian Poulter, Bubba Watson, Aaron Wise, Patton Kizzire, Phil Mickelson, Adam Scott, Lucas Bjerregaard, Matthew Fitzpatrick, Si Woo Kim, Thorbjorn Olesen, Jordan Spieth, Kyle Stanley, Bryson DeChambeau, Charley Hoffman, Viktor Hovland, Charles Howell III, Hideki Matsuyama, Gary Woodland, Rafa Cabrera Bello, Henrik Stenson, Kevin Tway, Jimmy Walker, Keegan Bradley, Keith Mitchell, Corey Conners, Andrew Landry, Kevin Na, Kiradech Aphibarnrat, Marc Leishman, Trevor Immelman, Martin Kaymer, Eddie Pepperell, Cameron Smith, Devon Bling, Tyrrell Hatton, Billy Horschel, Branden Grace, Zach Johnson, Takumi Kanaya, Satoshi Kodaira, Emiliano Grillo, J.B. Holmes, Alex Noren, Stewart Cink, Sergio Garcia, Sandy Lyle, Kevin O'Connell, Justin Rose, Mike Weir, Fred Couples, Adam Long, Charl Schwartzel, Shugo Imahira, Shane Lowry, Larry Mize, Jovan Rebula, Matt Wallace, Paul Casey, Michael Kim, Vijay Singh, Ian Woosnam, Jose Maria Olazabal"
23,6,3,"Tiger Woods, Brooks Koepka, Xander Schauffele, Jason Day, Tony Finau, Francesco Molinari, Patrick Cantlay, Matt Kuchar, Si Woo Kim, Thorbjorn Olesen, Hideki Matsuyama, Tommy Fleetwood, Cameron Smith, Tyrrell Hatton, Takumi Kanaya, Alex Noren","Dustin Johnson, Webb Simpson, Rory McIlroy, Viktor Hovland, Keegan Bradley, Haotong Li, Satoshi Kodaira, Bernhard Langer",Zach Johnson,NA,NA,"Rickie Fowler, Jon Rahm, Justin Harding, Ian Poulter, Justin Thomas, Bubba Watson, Aaron Wise, Patton Kizzire, Phil Mickelson, Adam Scott, Lucas Bjerregaard, Matthew Fitzpatrick, Kevin Kisner, Jordan Spieth, Kyle Stanley, Bryson DeChambeau, Charley Hoffman, Louis Oosthuizen, Charles Howell III, Gary Woodland, Rafa Cabrera Bello, Alvaro Ortiz, Patrick Reed, Henrik Stenson, Kevin Tway, Jimmy Walker, Keith Mitchell, Corey Conners, Andrew Landry, Kevin Na, Kiradech Aphibarnrat, Marc Leishman, Trevor Immelman, Martin Kaymer, Eddie Pepperell, Devon Bling, Billy Horschel, Branden Grace, Emiliano Grillo, J.B. Holmes"
24,6,4,"Justin Harding, Ian Poulter, Aaron Wise, Phil Mickelson, Kyle Stanley, Charley Hoffman, Trevor Immelman, Eddie Pepperell, Branden Grace, Satoshi Kodaira","Brooks Koepka, Webb Simpson, Jon Rahm, Matt Kuchar, Rory McIlroy, Viktor Hovland, Gary Woodland, Henrik Stenson, Jimmy Walker, Kiradech Aphibarnrat, Tyrrell Hatton, Takumi Kanaya, Emiliano Grillo, J.B. Holmes",NA,NA,NA,"Tiger Woods, Dustin Johnson, Xander Schauffele, Jason Day, Tony Finau, Francesco Molinari, Patrick Cantlay, Rickie Fowler, Justin Thomas, Bubba Watson, Patton Kizzire, Adam Scott, Lucas Bjerregaard, Matthew Fitzpatrick, Si Woo Kim, Kevin Kisner, Thorbjorn Olesen, Jordan Spieth, Bryson DeChambeau, Louis Oosthuizen, Charles Howell III, Hideki Matsuyama, Rafa Cabrera Bello, Tommy Fleetwood, Alvaro Ortiz, Patrick Reed, Kevin Tway, Keegan Bradley, Haotong Li, Keith Mitchell, Corey Conners, Andrew Landry, Kevin Na, Marc Leishman, Martin Kaymer, Cameron Smith, Devon Bling, Billy Horschel, Zach Johnson, Bernhard Langer, Alex Noren"
25,7,1,"Aaron Wise, Gary Woodland, Tommy Fleetwood, Martin Kaymer, Eddie Pepperell, Cameron Smith","Webb Simpson, Adam Scott, Matthew Fitzpatrick, Kevin Kisner, Louis Oosthuizen, Viktor Hovland, Patrick Reed, Kevin Tway, Keegan Bradley, Corey Conners, Kevin Na, Trevor Immelman, Billy Horschel, Branden Grace, Zach Johnson, Alex Noren, Justin Rose, Mike Weir, Shane Lowry, Michael Kim, Ian Woosnam, Angel Cabrera","Emiliano Grillo, Vijay Singh",NA,NA,"Tiger Woods, Dustin Johnson, Brooks Koepka, Xander Schauffele, Jason Day, Tony Finau, Francesco Molinari, Patrick Cantlay, Rickie Fowler, Jon Rahm, Justin Harding, Matt Kuchar, Ian Poulter, Justin Thomas, Bubba Watson, Patton Kizzire, Phil Mickelson, Lucas Bjerregaard, Si Woo Kim, Rory McIlroy, Thorbjorn Olesen, Jordan Spieth, Kyle Stanley, Bryson DeChambeau, Charley Hoffman, Charles Howell III, Hideki Matsuyama, Rafa Cabrera Bello, Alvaro Ortiz, Henrik Stenson, Jimmy Walker, Haotong Li, Keith Mitchell, Andrew Landry, Kiradech Aphibarnrat, Marc Leishman, Devon Bling, Tyrrell Hatton, Takumi Kanaya, Satoshi Kodaira, J.B. Holmes, Bernhard Langer, Stewart Cink, Sergio Garcia, Sandy Lyle, Kevin O'Connell, Danny Willett, Fred Couples, Adam Long, Charl Schwartzel, Brandt Snedeker, Shugo Imahira, Larry Mize, Jovan Rebula, Matt Wallace, Paul Casey, Jose Maria Olazabal"
26,7,2,"Louis Oosthuizen, Andrew Landry, Kiradech Aphibarnrat, Satoshi Kodaira, Kevin O'Connell, Danny Willett, Ian Woosnam","Matt Kuchar, Si Woo Kim, Kyle Stanley, Bryson DeChambeau, Henrik Stenson, Haotong Li, Corey Conners, Trevor Immelman, Billy Horschel, Zach Johnson, Takumi Kanaya, Emiliano Grillo, Fred Couples, Shane Lowry, Jose Maria Olazabal",Keegan Bradley,Keith Mitchell,NA,"Tiger Woods, Dustin Johnson, Brooks Koepka, Xander Schauffele, Jason Day, Tony Finau, Francesco Molinari, Webb Simpson, Patrick Cantlay, Rickie Fowler, Jon Rahm, Justin Harding, Ian Poulter, Justin Thomas, Bubba Watson, Aaron Wise, Patton Kizzire, Phil Mickelson, Adam Scott, Lucas Bjerregaard, Matthew Fitzpatrick, Kevin Kisner, Rory McIlroy, Thorbjorn Olesen, Jordan Spieth, Charley Hoffman, Viktor Hovland, Charles Howell III, Hideki Matsuyama, Gary Woodland, Rafa Cabrera Bello, Tommy Fleetwood, Alvaro Ortiz, Patrick Reed, Kevin Tway, Jimmy Walker, Kevin Na, Marc Leishman, Martin Kaymer, Eddie Pepperell, Cameron Smith, Devon Bling, Tyrrell Hatton, Branden Grace, J.B. Holmes, Bernhard Langer, Alex Noren, Stewart Cink, Sergio Garcia, Sandy Lyle, Justin Rose, Mike Weir, Adam Long, Charl Schwartzel, Brandt Snedeker, Shugo Imahira, Larry Mize, Jovan Rebula, Matt Wallace, Paul Casey, Michael Kim, Vijay Singh, Angel Cabrera"
27,7,3,"Tiger Woods, Webb Simpson, Aaron Wise, Kyle Stanley, Louis Oosthuizen, Viktor Hovland, Charles Howell III, Hideki Matsuyama, Andrew Landry, Devon Bling","Brooks Koepka, Xander Schauffele, Jason Day, Patton Kizzire, Matthew Fitzpatrick, Si Woo Kim, Rory McIlroy, Gary Woodland, Rafa Cabrera Bello, Alvaro Ortiz, Kevin Tway, Keegan Bradley, Haotong Li, Keith Mitchell, Kevin Na, Marc Leishman, Martin Kaymer, Eddie Pepperell, Billy Horschel, Takumi Kanaya",NA,NA,NA,"Dustin Johnson, Tony Finau, Francesco Molinari, Patrick Cantlay, Rickie Fowler, Jon Rahm, Justin Harding, Matt Kuchar, Ian Poulter, Justin Thomas, Bubba Watson, Phil Mickelson, Adam Scott, Lucas Bjerregaard, Kevin Kisner, Thorbjorn Olesen, Jordan Spieth, Bryson DeChambeau, Charley Hoffman, Tommy Fleetwood, Patrick Reed, Henrik Stenson, Jimmy Walker, Corey Conners, Kiradech Aphibarnrat, Trevor Immelman, Cameron Smith, Tyrrell Hatton, Branden Grace, Zach Johnson, Satoshi Kodaira, Emiliano Grillo, J.B. Holmes, Bernhard Langer, Alex Noren"
28,7,4,"Tiger Woods, Jason Day, Patrick Cantlay, Jon Rahm, Ian Poulter, Aaron Wise, Patton Kizzire, Lucas Bjerregaard, Bryson DeChambeau, Charley Hoffman, Viktor Hovland, Tommy Fleetwood, Kevin Tway, Jimmy Walker, Haotong Li, Marc Leishman, Eddie Pepperell, Satoshi Kodaira","Xander Schauffele, Francesco Molinari, Rickie Fowler, Justin Harding, Jordan Spieth, Gary Woodland, Kevin Na, Trevor Immelman, Cameron Smith, Billy Horschel, Branden Grace, Takumi Kanaya, Emiliano Grillo","Kevin Kisner, Kiradech Aphibarnrat, Bernhard Langer",NA,NA,"Dustin Johnson, Brooks Koepka, Tony Finau, Webb Simpson, Matt Kuchar, Justin Thomas, Bubba Watson, Phil Mickelson, Adam Scott, Matthew Fitzpatrick, Si Woo Kim, Rory McIlroy, Thorbjorn Olesen, Kyle Stanley, Louis Oosthuizen, Charles Howell III, Hideki Matsuyama, Rafa Cabrera Bello, Alvaro Ortiz, Patrick Reed, Henrik Stenson, Keegan Bradley, Keith Mitchell, Corey Conners, Andrew Landry, Martin Kaymer, Devon Bling, Tyrrell Hatton, Zach Johnson, J.B. Holmes, Alex Noren"
29,8,1,"Dustin Johnson, Jason Day, Tony Finau, Webb Simpson, Justin Thomas, Bubba Watson, Patton Kizzire, Phil Mickelson, Adam Scott, Kevin Kisner, Rory McIlroy, Thorbjorn Olesen, Kyle Stanley, Bryson DeChambeau, Charles Howell III, Rafa Cabrera Bello, Alvaro Ortiz, Kevin Tway, Jimmy Walker, Keegan Bradley, Haotong Li, Andrew Landry, Marc Leishman, Martin Kaymer, Cameron Smith, Tyrrell Hatton, Emiliano Grillo, Bernhard Langer, Stewart Cink, Sergio Garcia, Mike Weir, Charl Schwartzel, Shugo Imahira, Larry Mize, Jovan Rebula","Jon Rahm, Justin Rose, Fred Couples, Vijay Singh, Angel Cabrera",NA,Billy Horschel,NA,"Tiger Woods, Brooks Koepka, Xander Schauffele, Francesco Molinari, Patrick Cantlay, Rickie Fowler, Justin Harding, Matt Kuchar, Ian Poulter, Aaron Wise, Lucas Bjerregaard, Matthew Fitzpatrick, Si Woo Kim, Jordan Spieth, Charley Hoffman, Louis Oosthuizen, Viktor Hovland, Hideki Matsuyama, Gary Woodland, Tommy Fleetwood, Patrick Reed, Henrik Stenson, Keith Mitchell, Corey Conners, Kevin Na, Kiradech Aphibarnrat, Trevor Immelman, Eddie Pepperell, Devon Bling, Branden Grace, Zach Johnson, Takumi Kanaya, Satoshi Kodaira, J.B. Holmes, Alex Noren, Sandy Lyle, Kevin O'Connell, Danny Willett, Adam Long, Brandt Snedeker, Shane Lowry, Matt Wallace, Paul Casey, Michael Kim, Ian Woosnam, Jose Maria Olazabal"
30,8,2,"Brooks Koepka, Xander Schauffele, Jason Day, Tony Finau, Francesco Molinari, Webb Simpson, Patrick Cantlay, Rickie Fowler, Matt Kuchar, Justin Thomas, Aaron Wise, Adam Scott, Lucas Bjerregaard, Si Woo Kim, Kyle Stanley, Bryson DeChambeau, Charles Howell III, Hideki Matsuyama, Gary Woodland, Henrik Stenson, Kevin Tway, Keegan Bradley, Haotong Li, Keith Mitchell, Corey Conners, Trevor Immelman, Billy Horschel, Branden Grace, Satoshi Kodaira, Kevin O'Connell, Matt Wallace, Angel Cabrera","Tiger Woods, Phil Mickelson, Louis Oosthuizen, Sandy Lyle, Michael Kim",NA,Rory McIlroy,NA,"Dustin Johnson, Jon Rahm, Justin Harding, Ian Poulter, Bubba Watson, Patton Kizzire, Matthew Fitzpatrick, Kevin Kisner, Thorbjorn Olesen, Jordan Spieth, Charley Hoffman, Viktor Hovland, Rafa Cabrera Bello, Tommy Fleetwood, Alvaro Ortiz, Patrick Reed, Jimmy Walker, Andrew Landry, Kevin Na, Kiradech Aphibarnrat, Marc Leishman, Martin Kaymer, Eddie Pepperell, Cameron Smith, Devon Bling, Tyrrell Hatton, Zach Johnson, Takumi Kanaya, Emiliano Grillo, J.B. Holmes, Bernhard Langer, Alex Noren, Stewart Cink, Sergio Garcia, Justin Rose, Mike Weir, Danny Willett, Fred Couples, Adam Long, Charl Schwartzel, Brandt Snedeker, Shugo Imahira, Shane Lowry, Larry Mize, Jovan Rebula, Paul Casey, Vijay Singh, Ian Woosnam, Jose Maria Olazabal"
31,8,3,"Tiger Woods, Dustin Johnson, Brooks Koepka, Xander Schauffele, Francesco Molinari, Webb Simpson, Rickie Fowler, Ian Poulter, Bubba Watson, Lucas Bjerregaard, Matthew Fitzpatrick, Kevin Kisner, Thorbjorn Olesen, Louis Oosthuizen, Charles Howell III, Gary Woodland, Patrick Reed, Henrik Stenson, Kevin Tway, Keith Mitchell, Andrew Landry, Eddie Pepperell, Devon Bling, Takumi Kanaya, Emiliano Grillo, Bernhard Langer","Kiradech Aphibarnrat, Marc Leishman, Trevor Immelman, Zach Johnson",NA,Tony Finau,NA,"Jason Day, Patrick Cantlay, Jon Rahm, Justin Harding, Matt Kuchar, Justin Thomas, Aaron Wise, Patton Kizzire, Phil Mickelson, Adam Scott, Si Woo Kim, Rory McIlroy, Jordan Spieth, Kyle Stanley, Bryson DeChambeau, Charley Hoffman, Viktor Hovland, Hideki Matsuyama, Rafa Cabrera Bello, Tommy Fleetwood, Alvaro Ortiz, Jimmy Walker, Keegan Bradley, Haotong Li, Corey Conners, Kevin Na, Martin Kaymer, Cameron Smith, Tyrrell Hatton, Billy Horschel, Branden Grace, Satoshi Kodaira, J.B. Holmes, Alex Noren"
32,8,4,"Tiger Woods, Dustin Johnson, Brooks Koepka, Xander Schauffele, Jason Day, Tony Finau, Francesco Molinari, Rickie Fowler, Matt Kuchar, Patton Kizzire, Adam Scott, Lucas Bjerregaard, Matthew Fitzpatrick, Si Woo Kim, Rory McIlroy, Thorbjorn Olesen, Kyle Stanley, Charles Howell III, Hideki Matsuyama, Rafa Cabrera Bello, Alvaro Ortiz, Patrick Reed, Corey Conners, Andrew Landry, Marc Leishman, Devon Bling, Billy Horschel, Branden Grace, Zach Johnson","Kevin Na, Kiradech Aphibarnrat, Satoshi Kodaira",NA,Jon Rahm,NA,"Webb Simpson, Patrick Cantlay, Justin Harding, Ian Poulter, Justin Thomas, Bubba Watson, Aaron Wise, Phil Mickelson, Kevin Kisner, Jordan Spieth, Bryson DeChambeau, Charley Hoffman, Louis Oosthuizen, Viktor Hovland, Gary Woodland, Tommy Fleetwood, Henrik Stenson, Kevin Tway, Jimmy Walker, Keegan Bradley, Haotong Li, Keith Mitchell, Trevor Immelman, Martin Kaymer, Eddie Pepperell, Cameron Smith, Tyrrell Hatton, Takumi Kanaya, Emiliano Grillo, J.B. Holmes, Bernhard Langer, Alex Noren"
33,9,1,"Tiger Woods, Xander Schauffele, Jon Rahm, Adam Scott, Matthew Fitzpatrick, Si Woo Kim, Devon Bling, Tyrrell Hatton, Branden Grace","Ian Poulter, Jordan Spieth, Kyle Stanley, Bryson DeChambeau, Charley Hoffman, Rafa Cabrera Bello, Kevin Tway, Jimmy Walker, Martin Kaymer, Cameron Smith, Satoshi Kodaira, Kevin O'Connell, Justin Rose, Adam Long, Shugo Imahira, Shane Lowry, Matt Wallace, Michael Kim, Vijay Singh",NA,NA,NA,"Dustin Johnson, Brooks Koepka, Jason Day, Tony Finau, Francesco Molinari, Webb Simpson, Patrick Cantlay, Rickie Fowler, Justin Harding, Matt Kuchar, Justin Thomas, Bubba Watson, Aaron Wise, Patton Kizzire, Phil Mickelson, Lucas Bjerregaard, Kevin Kisner, Rory McIlroy, Thorbjorn Olesen, Louis Oosthuizen, Viktor Hovland, Charles Howell III, Hideki Matsuyama, Gary Woodland, Tommy Fleetwood, Alvaro Ortiz, Patrick Reed, Henrik Stenson, Keegan Bradley, Haotong Li, Keith Mitchell, Corey Conners, Andrew Landry, Kevin Na, Kiradech Aphibarnrat, Marc Leishman, Trevor Immelman, Eddie Pepperell, Billy Horschel, Zach Johnson, Takumi Kanaya, Emiliano Grillo, J.B. Holmes, Bernhard Langer, Alex Noren, Stewart Cink, Sergio Garcia, Sandy Lyle, Mike Weir, Danny Willett, Fred Couples, Charl Schwartzel, Brandt Snedeker, Larry Mize, Jovan Rebula, Paul Casey, Ian Woosnam, Angel Cabrera, Jose Maria Olazabal"
34,9,2,"Tiger Woods, Xander Schauffele, Francesco Molinari, Phil Mickelson, Jordan Spieth, Charley Hoffman, Charles Howell III, Kevin Na, Fred Couples","Tony Finau, Aaron Wise, Kevin Kisner, Bryson DeChambeau, Keegan Bradley, Keith Mitchell, Devon Bling, Branden Grace, Emiliano Grillo, Bernhard Langer, Alex Noren, Stewart Cink, Sandy Lyle, Mike Weir, Danny Willett, Matt Wallace, Angel Cabrera, Jose Maria Olazabal",Vijay Singh,NA,NA,"Dustin Johnson, Brooks Koepka, Jason Day, Webb Simpson, Patrick Cantlay, Rickie Fowler, Jon Rahm, Justin Harding, Matt Kuchar, Ian Poulter, Justin Thomas, Bubba Watson, Patton Kizzire, Adam Scott, Lucas Bjerregaard, Matthew Fitzpatrick, Si Woo Kim, Rory McIlroy, Thorbjorn Olesen, Kyle Stanley, Louis Oosthuizen, Viktor Hovland, Hideki Matsuyama, Gary Woodland, Rafa Cabrera Bello, Tommy Fleetwood, Alvaro Ortiz, Patrick Reed, Henrik Stenson, Kevin Tway, Jimmy Walker, Haotong Li, Corey Conners, Andrew Landry, Kiradech Aphibarnrat, Marc Leishman, Trevor Immelman, Martin Kaymer, Eddie Pepperell, Cameron Smith, Tyrrell Hatton, Billy Horschel, Zach Johnson, Takumi Kanaya, Satoshi Kodaira, J.B. Holmes, Sergio Garcia, Kevin O'Connell, Justin Rose, Adam Long, Charl Schwartzel, Brandt Snedeker, Shugo Imahira, Shane Lowry, Larry Mize, Jovan Rebula, Paul Casey, Michael Kim, Ian Woosnam"
35,9,3,"Webb Simpson, Patrick Cantlay, Ian Poulter, Bryson DeChambeau, Charles Howell III, Hideki Matsuyama, Gary Woodland, Keegan Bradley, Kevin Na, Marc Leishman, Trevor Immelman, Takumi Kanaya, Bernhard Langer","Aaron Wise, Rory McIlroy, Rafa Cabrera Bello, Alvaro Ortiz, Andrew Landry, Billy Horschel, Alex Noren",NA,NA,NA,"Tiger Woods, Dustin Johnson, Brooks Koepka, Xander Schauffele, Jason Day, Tony Finau, Francesco Molinari, Rickie Fowler, Jon Rahm, Justin Harding, Matt Kuchar, Justin Thomas, Bubba Watson, Patton Kizzire, Phil Mickelson, Adam Scott, Lucas Bjerregaard, Matthew Fitzpatrick, Si Woo Kim, Kevin Kisner, Thorbjorn Olesen, Jordan Spieth, Kyle Stanley, Charley Hoffman, Louis Oosthuizen, Viktor Hovland, Tommy Fleetwood, Patrick Reed, Henrik Stenson, Kevin Tway, Jimmy Walker, Haotong Li, Keith Mitchell, Corey Conners, Kiradech Aphibarnrat, Martin Kaymer, Eddie Pepperell, Cameron Smith, Devon Bling, Tyrrell Hatton, Branden Grace, Zach Johnson, Satoshi Kodaira, Emiliano Grillo, J.B. Holmes"
36,9,4,"Xander Schauffele, Bubba Watson, Si Woo Kim, Rafa Cabrera Bello, Tommy Fleetwood, Henrik Stenson, Keith Mitchell, Trevor Immelman, Branden Grace, Takumi Kanaya","Matthew Fitzpatrick, Charley Hoffman, Louis Oosthuizen, Viktor Hovland, Alvaro Ortiz, Jimmy Walker, Corey Conners, Satoshi Kodaira, Emiliano Grillo, J.B. Holmes",NA,NA,NA,"Tiger Woods, Dustin Johnson, Brooks Koepka, Jason Day, Tony Finau, Francesco Molinari, Webb Simpson, Patrick Cantlay, Rickie Fowler, Jon Rahm, Justin Harding, Matt Kuchar, Ian Poulter, Justin Thomas, Aaron Wise, Patton Kizzire, Phil Mickelson, Adam Scott, Lucas Bjerregaard, Kevin Kisner, Rory McIlroy, Thorbjorn Olesen, Jordan Spieth, Kyle Stanley, Bryson DeChambeau, Charles Howell III, Hideki Matsuyama, Gary Woodland, Patrick Reed, Kevin Tway, Keegan Bradley, Haotong Li, Andrew Landry, Kevin Na, Kiradech Aphibarnrat, Marc Leishman, Martin Kaymer, Eddie Pepperell, Cameron Smith, Devon Bling, Tyrrell Hatton, Billy Horschel, Zach Johnson, Bernhard Langer, Alex Noren"
37,10,1,"Brooks Koepka, Aaron Wise, Charles Howell III, Patrick Reed, Trevor Immelman, Zach Johnson, Michael Kim","Dustin Johnson, Webb Simpson, Patrick Cantlay, Phil Mickelson, Si Woo Kim, Rory McIlroy, Kyle Stanley, Charley Hoffman, Tommy Fleetwood, Henrik Stenson, Keegan Bradley, Haotong Li, Andrew Landry, Martin Kaymer, Eddie Pepperell, Tyrrell Hatton, Billy Horschel, Branden Grace, Takumi Kanaya, Bernhard Langer, Sergio Garcia, Shugo Imahira, Shane Lowry, Jovan Rebula, Vijay Singh, Angel Cabrera","Hideki Matsuyama, Marc Leishman, Alex Noren",NA,"Rafa Cabrera Bello, Danny Willett","Tiger Woods, Xander Schauffele, Jason Day, Tony Finau, Francesco Molinari, Rickie Fowler, Jon Rahm, Justin Harding, Matt Kuchar, Ian Poulter, Justin Thomas, Bubba Watson, Patton Kizzire, Adam Scott, Lucas Bjerregaard, Matthew Fitzpatrick, Kevin Kisner, Thorbjorn Olesen, Jordan Spieth, Bryson DeChambeau, Louis Oosthuizen, Viktor Hovland, Gary Woodland, Alvaro Ortiz, Kevin Tway, Jimmy Walker, Keith Mitchell, Corey Conners, Kevin Na, Kiradech Aphibarnrat, Cameron Smith, Devon Bling, Satoshi Kodaira, Emiliano Grillo, J.B. Holmes, Stewart Cink, Sandy Lyle, Kevin O'Connell, Justin Rose, Mike Weir, Fred Couples, Adam Long, Charl Schwartzel, Brandt Snedeker, Larry Mize, Matt Wallace, Paul Casey, Ian Woosnam, Jose Maria Olazabal"
38,10,2,"Dustin Johnson, Tony Finau, Jordan Spieth, Viktor Hovland, Keegan Bradley, Satoshi Kodaira, Stewart Cink","Webb Simpson, Justin Harding, Matt Kuchar, Phil Mickelson, Matthew Fitzpatrick, Si Woo Kim, Rafa Cabrera Bello, Alvaro Ortiz, Kevin Na, Martin Kaymer, Cameron Smith, Branden Grace, Bernhard Langer, Sergio Garcia, Adam Long, Shugo Imahira, Shane Lowry, Larry Mize, Matt Wallace, Vijay Singh, Ian Woosnam","Bryson DeChambeau, Trevor Immelman, Kevin O'Connell",NA,NA,"Tiger Woods, Brooks Koepka, Xander Schauffele, Jason Day, Francesco Molinari, Patrick Cantlay, Rickie Fowler, Jon Rahm, Ian Poulter, Justin Thomas, Bubba Watson, Aaron Wise, Patton Kizzire, Adam Scott, Lucas Bjerregaard, Kevin Kisner, Rory McIlroy, Thorbjorn Olesen, Kyle Stanley, Charley Hoffman, Louis Oosthuizen, Charles Howell III, Hideki Matsuyama, Gary Woodland, Tommy Fleetwood, Patrick Reed, Henrik Stenson, Kevin Tway, Jimmy Walker, Haotong Li, Keith Mitchell, Corey Conners, Andrew Landry, Kiradech Aphibarnrat, Marc Leishman, Eddie Pepperell, Devon Bling, Tyrrell Hatton, Billy Horschel, Zach Johnson, Takumi Kanaya, Emiliano Grillo, J.B. Holmes, Alex Noren, Sandy Lyle, Justin Rose, Mike Weir, Danny Willett, Fred Couples, Charl Schwartzel, Brandt Snedeker, Jovan Rebula, Paul Casey, Michael Kim, Angel Cabrera, Jose Maria Olazabal"
39,10,3,"Webb Simpson, Lucas Bjerregaard, Rory McIlroy, Jordan Spieth, Bryson DeChambeau, Viktor Hovland, Kevin Tway, Keith Mitchell, Cameron Smith, Tyrrell Hatton","Rickie Fowler, Justin Harding, Patton Kizzire, Charley Hoffman, Charles Howell III, Gary Woodland, Patrick Reed, Andrew Landry, Kevin Na, Marc Leishman, Martin Kaymer, Branden Grace, Emiliano Grillo",Kevin Kisner,NA,NA,"Tiger Woods, Dustin Johnson, Brooks Koepka, Xander Schauffele, Jason Day, Tony Finau, Francesco Molinari, Patrick Cantlay, Jon Rahm, Matt Kuchar, Ian Poulter, Justin Thomas, Bubba Watson, Aaron Wise, Phil Mickelson, Adam Scott, Matthew Fitzpatrick, Si Woo Kim, Thorbjorn Olesen, Kyle Stanley, Louis Oosthuizen, Hideki Matsuyama, Rafa Cabrera Bello, Tommy Fleetwood, Alvaro Ortiz, Henrik Stenson, Jimmy Walker, Keegan Bradley, Haotong Li, Corey Conners, Kiradech Aphibarnrat, Trevor Immelman, Eddie Pepperell, Devon Bling, Billy Horschel, Zach Johnson, Takumi Kanaya, Satoshi Kodaira, J.B. Holmes, Bernhard Langer, Alex Noren"
40,10,4,"Matt Kuchar, Aaron Wise, Gary Woodland, Andrew Landry","Tiger Woods, Tony Finau, Justin Harding, Si Woo Kim, Thorbjorn Olesen, Louis Oosthuizen, Charles Howell III, Hideki Matsuyama, Rafa Cabrera Bello, Kevin Tway, Jimmy Walker, Haotong Li, Corey Conners, Marc Leishman, Devon Bling, Zach Johnson, Takumi Kanaya, J.B. Holmes, Alex Noren","Phil Mickelson, Bryson DeChambeau",NA,NA,"Dustin Johnson, Brooks Koepka, Xander Schauffele, Jason Day, Francesco Molinari, Webb Simpson, Patrick Cantlay, Rickie Fowler, Jon Rahm, Ian Poulter, Justin Thomas, Bubba Watson, Patton Kizzire, Adam Scott, Lucas Bjerregaard, Matthew Fitzpatrick, Kevin Kisner, Rory McIlroy, Jordan Spieth, Kyle Stanley, Charley Hoffman, Viktor Hovland, Tommy Fleetwood, Alvaro Ortiz, Patrick Reed, Henrik Stenson, Keegan Bradley, Keith Mitchell, Kevin Na, Kiradech Aphibarnrat, Trevor Immelman, Martin Kaymer, Eddie Pepperell, Cameron Smith, Tyrrell Hatton, Billy Horschel, Branden Grace, Satoshi Kodaira, Emiliano Grillo, Bernhard Langer"
41,11,1,"Dustin Johnson, Rickie Fowler, Jon Rahm, Kevin Kisner, Kyle Stanley, Louis Oosthuizen, Marc Leishman","Xander Schauffele, Francesco Molinari, Matt Kuchar, Phil Mickelson, Rory McIlroy, Viktor Hovland, Charles Howell III, Hideki Matsuyama, Alvaro Ortiz, Patrick Reed, Kevin Tway, Jimmy Walker, Keegan Bradley, Haotong Li, Martin Kaymer, Cameron Smith, Devon Bling, Tyrrell Hatton, Billy Horschel, Branden Grace, Zach Johnson, Takumi Kanaya, Emiliano Grillo, Sandy Lyle, Fred Couples, Charl Schwartzel, Larry Mize, Michael Kim, Vijay Singh, Angel Cabrera, Jose Maria Olazabal",Kevin O'Connell,NA,Ian Woosnam,"Tiger Woods, Brooks Koepka, Jason Day, Tony Finau, Webb Simpson, Patrick Cantlay, Justin Harding, Ian Poulter, Justin Thomas, Bubba Watson, Aaron Wise, Patton Kizzire, Adam Scott, Lucas Bjerregaard, Matthew Fitzpatrick, Si Woo Kim, Thorbjorn Olesen, Jordan Spieth, Bryson DeChambeau, Charley Hoffman, Gary Woodland, Rafa Cabrera Bello, Tommy Fleetwood, Henrik Stenson, Keith Mitchell, Corey Conners, Andrew Landry, Kevin Na, Kiradech Aphibarnrat, Trevor Immelman, Eddie Pepperell, Satoshi Kodaira, J.B. Holmes, Bernhard Langer, Alex Noren, Stewart Cink, Sergio Garcia, Justin Rose, Mike Weir, Danny Willett, Adam Long, Brandt Snedeker, Shugo Imahira, Shane Lowry, Jovan Rebula, Matt Wallace, Paul Casey"
42,11,2,Tiger Woods,"Rickie Fowler, Aaron Wise, Kevin Kisner, Rory McIlroy, Viktor Hovland, Charles Howell III, Hideki Matsuyama, Gary Woodland, Alvaro Ortiz, Keith Mitchell, Corey Conners, Kevin Na, Kiradech Aphibarnrat, Eddie Pepperell, Cameron Smith, Billy Horschel, Alex Noren, Justin Rose, Mike Weir, Michael Kim, Vijay Singh, Ian Woosnam, Angel Cabrera","Emiliano Grillo, Jovan Rebula, Matt Wallace",NA,NA,"Dustin Johnson, Brooks Koepka, Xander Schauffele, Jason Day, Tony Finau, Francesco Molinari, Webb Simpson, Patrick Cantlay, Jon Rahm, Justin Harding, Matt Kuchar, Ian Poulter, Justin Thomas, Bubba Watson, Patton Kizzire, Phil Mickelson, Adam Scott, Lucas Bjerregaard, Matthew Fitzpatrick, Si Woo Kim, Thorbjorn Olesen, Jordan Spieth, Kyle Stanley, Bryson DeChambeau, Charley Hoffman, Louis Oosthuizen, Rafa Cabrera Bello, Tommy Fleetwood, Patrick Reed, Henrik Stenson, Kevin Tway, Jimmy Walker, Keegan Bradley, Haotong Li, Andrew Landry, Marc Leishman, Trevor Immelman, Martin Kaymer, Devon Bling, Tyrrell Hatton, Branden Grace, Zach Johnson, Takumi Kanaya, Satoshi Kodaira, J.B. Holmes, Bernhard Langer, Stewart Cink, Sergio Garcia, Sandy Lyle, Kevin O'Connell, Danny Willett, Fred Couples, Adam Long, Charl Schwartzel, Brandt Snedeker, Shugo Imahira, Shane Lowry, Larry Mize, Paul Casey, Jose Maria Olazabal"
43,11,3,"Patrick Cantlay, Kevin Kisner, Thorbjorn Olesen, Louis Oosthuizen, Keith Mitchell","Matt Kuchar, Ian Poulter, Rory McIlroy, Charles Howell III, Gary Woodland, Patrick Reed, Andrew Landry, Devon Bling, Tyrrell Hatton, Billy Horschel, Zach Johnson, Bernhard Langer",Alex Noren,NA,NA,"Tiger Woods, Dustin Johnson, Brooks Koepka, Xander Schauffele, Jason Day, Tony Finau, Francesco Molinari, Webb Simpson, Rickie Fowler, Jon Rahm, Justin Harding, Justin Thomas, Bubba Watson, Aaron Wise, Patton Kizzire, Phil Mickelson, Adam Scott, Lucas Bjerregaard, Matthew Fitzpatrick, Si Woo Kim, Jordan Spieth, Kyle Stanley, Bryson DeChambeau, Charley Hoffman, Viktor Hovland, Hideki Matsuyama, Rafa Cabrera Bello, Tommy Fleetwood, Alvaro Ortiz, Henrik Stenson, Kevin Tway, Jimmy Walker, Keegan Bradley, Haotong Li, Corey Conners, Kevin Na, Kiradech Aphibarnrat, Marc Leishman, Trevor Immelman, Martin Kaymer, Eddie Pepperell, Cameron Smith, Branden Grace, Takumi Kanaya, Satoshi Kodaira, Emiliano Grillo, J.B. Holmes"
44,11,4,"Xander Schauffele, Patrick Cantlay, Si Woo Kim, Kevin Kisner, Charles Howell III, Rafa Cabrera Bello, Jimmy Walker, Haotong Li","Ian Poulter, Patton Kizzire, Adam Scott, Thorbjorn Olesen, Tommy Fleetwood, Andrew Landry, Marc Leishman, Eddie Pepperell, Cameron Smith, Devon Bling, Branden Grace, Takumi Kanaya","Bryson DeChambeau, Billy Horschel",NA,NA,"Tiger Woods, Dustin Johnson, Brooks Koepka, Jason Day, Tony Finau, Francesco Molinari, Webb Simpson, Rickie Fowler, Jon Rahm, Justin Harding, Matt Kuchar, Justin Thomas, Bubba Watson, Aaron Wise, Phil Mickelson, Lucas Bjerregaard, Matthew Fitzpatrick, Rory McIlroy, Jordan Spieth, Kyle Stanley, Charley Hoffman, Louis Oosthuizen, Viktor Hovland, Hideki Matsuyama, Gary Woodland, Alvaro Ortiz, Patrick Reed, Henrik Stenson, Kevin Tway, Keegan Bradley, Keith Mitchell, Corey Conners, Kevin Na, Kiradech Aphibarnrat, Trevor Immelman, Martin Kaymer, Tyrrell Hatton, Zach Johnson, Satoshi Kodaira, Emiliano Grillo, J.B. Holmes, Bernhard Langer, Alex Noren"
45,12,1,"Brooks Koepka, Patrick Cantlay, Rickie Fowler, Phil Mickelson, Kyle Stanley, Bryson DeChambeau, Charles Howell III, Trevor Immelman, Emiliano Grillo, Sergio Garcia, Mike Weir, Jovan Rebula, Matt Wallace, Vijay Singh","Patton Kizzire, Adam Scott, Kevin Kisner, Kevin Na, Tyrrell Hatton, Kevin O'Connell, Charl Schwartzel, Shane Lowry, Larry Mize, Paul Casey, Ian Woosnam, Angel Cabrera","Si Woo Kim, Fred Couples, Adam Long",NA,NA,"Tiger Woods, Dustin Johnson, Xander Schauffele, Jason Day, Tony Finau, Francesco Molinari, Webb Simpson, Jon Rahm, Justin Harding, Matt Kuchar, Ian Poulter, Justin Thomas, Bubba Watson, Aaron Wise, Lucas Bjerregaard, Matthew Fitzpatrick, Rory McIlroy, Thorbjorn Olesen, Jordan Spieth, Charley Hoffman, Louis Oosthuizen, Viktor Hovland, Hideki Matsuyama, Gary Woodland, Rafa Cabrera Bello, Tommy Fleetwood, Alvaro Ortiz, Patrick Reed, Henrik Stenson, Kevin Tway, Jimmy Walker, Keegan Bradley, Haotong Li, Keith Mitchell, Corey Conners, Andrew Landry, Kiradech Aphibarnrat, Marc Leishman, Martin Kaymer, Eddie Pepperell, Cameron Smith, Devon Bling, Billy Horschel, Branden Grace, Zach Johnson, Takumi Kanaya, Satoshi Kodaira, J.B. Holmes, Bernhard Langer, Alex Noren, Stewart Cink, Sandy Lyle, Justin Rose, Danny Willett, Brandt Snedeker, Shugo Imahira, Michael Kim, Jose Maria Olazabal"
46,12,2,"Francesco Molinari, Justin Harding, Ian Poulter, Adam Scott, Matthew Fitzpatrick, Si Woo Kim, Louis Oosthuizen, Hideki Matsuyama, Tommy Fleetwood, Corey Conners, Kevin Na, Kiradech Aphibarnrat, Marc Leishman, Stewart Cink, Sandy Lyle, Kevin O'Connell, Justin Rose","Jason Day, Bubba Watson, Bryson DeChambeau, Charley Hoffman, Zach Johnson, Satoshi Kodaira, Mike Weir, Fred Couples, Shugo Imahira, Paul Casey",Jovan Rebula,NA,NA,"Tiger Woods, Dustin Johnson, Brooks Koepka, Xander Schauffele, Tony Finau, Webb Simpson, Patrick Cantlay, Rickie Fowler, Jon Rahm, Matt Kuchar, Justin Thomas, Aaron Wise, Patton Kizzire, Phil Mickelson, Lucas Bjerregaard, Kevin Kisner, Rory McIlroy, Thorbjorn Olesen, Jordan Spieth, Kyle Stanley, Viktor Hovland, Charles Howell III, Gary Woodland, Rafa Cabrera Bello, Alvaro Ortiz, Patrick Reed, Henrik Stenson, Kevin Tway, Jimmy Walker, Keegan Bradley, Haotong Li, Keith Mitchell, Andrew Landry, Trevor Immelman, Martin Kaymer, Eddie Pepperell, Cameron Smith, Devon Bling, Tyrrell Hatton, Billy Horschel, Branden Grace, Takumi Kanaya, Emiliano Grillo, J.B. Holmes, Bernhard Langer, Alex Noren, Sergio Garcia, Danny Willett, Adam Long, Charl Schwartzel, Brandt Snedeker, Shane Lowry, Larry Mize, Matt Wallace, Michael Kim, Vijay Singh, Ian Woosnam, Angel Cabrera, Jose Maria Olazabal"
47,12,3,"Jason Day, Francesco Molinari, Justin Harding, Bubba Watson, Aaron Wise, Phil Mickelson, Adam Scott, Jordan Spieth, Rafa Cabrera Bello, Alvaro Ortiz, Andrew Landry, Kiradech Aphibarnrat, Trevor Immelman, Devon Bling, Takumi Kanaya","Matt Kuchar, Si Woo Kim, Kyle Stanley, Louis Oosthuizen, Jimmy Walker, Keith Mitchell, Cameron Smith, Alex Noren",Bernhard Langer,NA,NA,"Tiger Woods, Dustin Johnson, Brooks Koepka, Xander Schauffele, Tony Finau, Webb Simpson, Patrick Cantlay, Rickie Fowler, Jon Rahm, Ian Poulter, Justin Thomas, Patton Kizzire, Lucas Bjerregaard, Matthew Fitzpatrick, Kevin Kisner, Rory McIlroy, Thorbjorn Olesen, Bryson DeChambeau, Charley Hoffman, Viktor Hovland, Charles Howell III, Hideki Matsuyama, Gary Woodland, Tommy Fleetwood, Patrick Reed, Henrik Stenson, Kevin Tway, Keegan Bradley, Haotong Li, Corey Conners, Kevin Na, Marc Leishman, Martin Kaymer, Eddie Pepperell, Tyrrell Hatton, Billy Horschel, Branden Grace, Zach Johnson, Satoshi Kodaira, Emiliano Grillo, J.B. Holmes"
48,12,4,"Justin Harding, Justin Thomas, Matthew Fitzpatrick, Bryson DeChambeau, Kevin Na, Marc Leishman","Rickie Fowler, Matt Kuchar, Aaron Wise, Thorbjorn Olesen, Kyle Stanley, Charley Hoffman, Henrik Stenson, Devon Bling","Brooks Koepka, Tony Finau, Francesco Molinari, Ian Poulter, Kevin Tway, Cameron Smith, Emiliano Grillo",NA,"Corey Conners, J.B. Holmes","Tiger Woods, Dustin Johnson, Xander Schauffele, Jason Day, Webb Simpson, Patrick Cantlay, Jon Rahm, Bubba Watson, Patton Kizzire, Phil Mickelson, Adam Scott, Lucas Bjerregaard, Si Woo Kim, Kevin Kisner, Rory McIlroy, Jordan Spieth, Louis Oosthuizen, Viktor Hovland, Charles Howell III, Hideki Matsuyama, Gary Woodland, Rafa Cabrera Bello, Tommy Fleetwood, Alvaro Ortiz, Patrick Reed, Jimmy Walker, Keegan Bradley, Haotong Li, Keith Mitchell, Andrew Landry, Kiradech Aphibarnrat, Trevor Immelman, Martin Kaymer, Eddie Pepperell, Tyrrell Hatton, Billy Horschel, Branden Grace, Zach Johnson, Takumi Kanaya, Satoshi Kodaira, Bernhard Langer, Alex Noren"
49,13,1,"Tiger Woods, Dustin Johnson, Brooks Koepka, Xander Schauffele, Jason Day, Tony Finau, Patrick Cantlay, Jon Rahm, Ian Poulter, Patton Kizzire, Phil Mickelson, Lucas Bjerregaard, Matthew Fitzpatrick, Si Woo Kim, Kevin Kisner, Rory McIlroy, Bryson DeChambeau, Charley Hoffman, Louis Oosthuizen, Viktor Hovland, Charles Howell III, Hideki Matsuyama, Jimmy Walker, Haotong Li, Corey Conners, Kevin Na, Marc Leishman, Martin Kaymer, Cameron Smith, Devon Bling, Tyrrell Hatton, Billy Horschel, Zach Johnson, Takumi Kanaya, J.B. Holmes, Alex Noren, Kevin O'Connell, Danny Willett, Fred Couples, Jovan Rebula, Vijay Singh","Alvaro Ortiz, Eddie Pepperell, Adam Long, Shane Lowry, Ian Woosnam",Andrew Landry,"Webb Simpson, Matt Kuchar, Patrick Reed, Kiradech Aphibarnrat",Henrik Stenson,"Francesco Molinari, Rickie Fowler, Justin Harding, Justin Thomas, Bubba Watson, Aaron Wise, Adam Scott, Thorbjorn Olesen, Jordan Spieth, Kyle Stanley, Gary Woodland, Rafa Cabrera Bello, Tommy Fleetwood, Kevin Tway, Keegan Bradley, Keith Mitchell, Trevor Immelman, Branden Grace, Satoshi Kodaira, Emiliano Grillo, Bernhard Langer, Stewart Cink, Sergio Garcia, Sandy Lyle, Justin Rose, Mike Weir, Charl Schwartzel, Brandt Snedeker, Shugo Imahira, Larry Mize, Matt Wallace, Paul Casey, Michael Kim, Angel Cabrera, Jose Maria Olazabal"
50,13,2,"Dustin Johnson, Xander Schauffele, Jason Day, Patrick Cantlay, Justin Harding, Ian Poulter, Phil Mickelson, Adam Scott, Thorbjorn Olesen, Jordan Spieth, Kyle Stanley, Charley Hoffman, Louis Oosthuizen, Patrick Reed, Henrik Stenson, Kevin Tway, Jimmy Walker, Keegan Bradley, Corey Conners, Kevin Na, Kiradech Aphibarnrat, Trevor Immelman, Martin Kaymer, Branden Grace, Zach Johnson, Satoshi Kodaira, Emiliano Grillo, J.B. Holmes, Alex Noren, Stewart Cink, Sergio Garcia, Sandy Lyle, Kevin O'Connell, Mike Weir, Danny Willett, Fred Couples, Adam Long, Charl Schwartzel, Shugo Imahira, Shane Lowry, Larry Mize, Paul Casey","Rory McIlroy, Hideki Matsuyama, Tommy Fleetwood, Eddie Pepperell, Cameron Smith, Tyrrell Hatton, Billy Horschel, Takumi Kanaya, Angel Cabrera, Jose Maria Olazabal",Michael Kim,"Matt Kuchar, Bubba Watson, Matthew Fitzpatrick, Viktor Hovland, Charles Howell III, Justin Rose",NA,"Tiger Woods, Brooks Koepka, Tony Finau, Francesco Molinari, Webb Simpson, Rickie Fowler, Jon Rahm, Justin Thomas, Aaron Wise, Patton Kizzire, Lucas Bjerregaard, Si Woo Kim, Kevin Kisner, Bryson DeChambeau, Gary Woodland, Rafa Cabrera Bello, Alvaro Ortiz, Haotong Li, Keith Mitchell, Andrew Landry, Marc Leishman, Devon Bling, Bernhard Langer, Brandt Snedeker, Jovan Rebula, Matt Wallace, Vijay Singh, Ian Woosnam"
51,13,3,"Tiger Woods, Dustin Johnson, Brooks Koepka, Xander Schauffele, Tony Finau, Francesco Molinari, Justin Harding, Matt Kuchar, Ian Poulter, Bubba Watson, Aaron Wise, Adam Scott, Lucas Bjerregaard, Matthew Fitzpatrick, Si Woo Kim, Kevin Kisner, Rory McIlroy, Thorbjorn Olesen, Kyle Stanley, Bryson DeChambeau, Charley Hoffman, Viktor Hovland, Hideki Matsuyama, Gary Woodland, Alvaro Ortiz, Henrik Stenson, Keegan Bradley, Haotong Li, Keith Mitchell, Corey Conners, Marc Leishman, Martin Kaymer, Cameron Smith, Devon Bling, Billy Horschel, Branden Grace, Zach Johnson, Emiliano Grillo, Alex Noren","Patton Kizzire, Kiradech Aphibarnrat, Trevor Immelman, Eddie Pepperell, Takumi Kanaya",NA,"Webb Simpson, Rickie Fowler, Jon Rahm",NA,"Jason Day, Patrick Cantlay, Justin Thomas, Phil Mickelson, Jordan Spieth, Louis Oosthuizen, Charles Howell III, Rafa Cabrera Bello, Tommy Fleetwood, Patrick Reed, Kevin Tway, Jimmy Walker, Andrew Landry, Kevin Na, Tyrrell Hatton, Satoshi Kodaira, J.B. Holmes, Bernhard Langer"
52,13,4,"Tiger Woods, Dustin Johnson, Xander Schauffele, Jason Day, Tony Finau, Francesco Molinari, Webb Simpson, Rickie Fowler, Jon Rahm, Justin Harding, Ian Poulter, Justin Thomas, Bubba Watson, Aaron Wise, Patton Kizzire, Adam Scott, Lucas Bjerregaard, Matthew Fitzpatrick, Si Woo Kim, Kevin Kisner, Jordan Spieth, Rafa Cabrera Bello, Alvaro Ortiz, Patrick Reed, Henrik Stenson, Jimmy Walker, Keegan Bradley, Haotong Li, Keith Mitchell, Andrew Landry, Trevor Immelman, Martin Kaymer, Devon Bling, Tyrrell Hatton, Billy Horschel, Bernhard Langer","Thorbjorn Olesen, Branden Grace, J.B. Holmes",Louis Oosthuizen,"Brooks Koepka, Rory McIlroy, Kevin Na, Emiliano Grillo",NA,"Patrick Cantlay, Matt Kuchar, Phil Mickelson, Kyle Stanley, Bryson DeChambeau, Charley Hoffman, Viktor Hovland, Charles Howell III, Hideki Matsuyama, Gary Woodland, Tommy Fleetwood, Kevin Tway, Corey Conners, Kiradech Aphibarnrat, Marc Leishman, Eddie Pepperell, Cameron Smith, Zach Johnson, Takumi Kanaya, Satoshi Kodaira, Alex Noren"
53,14,1,"Tiger Woods, Brooks Koepka, Si Woo Kim, Kevin Kisner, Corey Conners, Andrew Landry","Xander Schauffele, Bubba Watson, Aaron Wise, Matthew Fitzpatrick, Bryson DeChambeau, Tommy Fleetwood, Patrick Reed, Marc Leishman, Trevor Immelman, Eddie Pepperell, Devon Bling, Tyrrell Hatton, Billy Horschel, Zach Johnson, Satoshi Kodaira, Stewart Cink, Sandy Lyle, Kevin O'Connell, Charl Schwartzel, Shugo Imahira, Matt Wallace, Vijay Singh, Ian Woosnam, Angel Cabrera",Keith Mitchell,NA,NA,"Dustin Johnson, Jason Day, Tony Finau, Francesco Molinari, Webb Simpson, Patrick Cantlay, Rickie Fowler, Jon Rahm, Justin Harding, Matt Kuchar, Ian Poulter, Justin Thomas, Patton Kizzire, Phil Mickelson, Adam Scott, Lucas Bjerregaard, Rory McIlroy, Thorbjorn Olesen, Jordan Spieth, Kyle Stanley, Charley Hoffman, Louis Oosthuizen, Viktor Hovland, Charles Howell III, Hideki Matsuyama, Gary Woodland, Rafa Cabrera Bello, Alvaro Ortiz, Henrik Stenson, Kevin Tway, Jimmy Walker, Keegan Bradley, Haotong Li, Kevin Na, Kiradech Aphibarnrat, Martin Kaymer, Cameron Smith, Branden Grace, Takumi Kanaya, Emiliano Grillo, J.B. Holmes, Bernhard Langer, Alex Noren, Sergio Garcia, Justin Rose, Mike Weir, Danny Willett, Fred Couples, Adam Long, Brandt Snedeker, Shane Lowry, Larry Mize, Jovan Rebula, Paul Casey, Michael Kim, Jose Maria Olazabal"
54,14,2,"Tiger Woods, Xander Schauffele, Justin Harding, Aaron Wise, Patton Kizzire, Jordan Spieth, Alvaro Ortiz, Bernhard Langer, Mike Weir, Danny Willett, Vijay Singh","Patrick Cantlay, Matt Kuchar, Ian Poulter, Charley Hoffman, Gary Woodland, Keith Mitchell, Andrew Landry, Kevin Na, Kiradech Aphibarnrat, Martin Kaymer, Eddie Pepperell, Devon Bling, Billy Horschel, Satoshi Kodaira, Sergio Garcia, Sandy Lyle, Kevin O'Connell, Shugo Imahira, Matt Wallace, Paul Casey, Michael Kim, Ian Woosnam","Brandt Snedeker, Jovan Rebula",NA,NA,"Dustin Johnson, Brooks Koepka, Jason Day, Tony Finau, Francesco Molinari, Webb Simpson, Rickie Fowler, Jon Rahm, Justin Thomas, Bubba Watson, Phil Mickelson, Adam Scott, Lucas Bjerregaard, Matthew Fitzpatrick, Si Woo Kim, Kevin Kisner, Rory McIlroy, Thorbjorn Olesen, Kyle Stanley, Bryson DeChambeau, Louis Oosthuizen, Viktor Hovland, Charles Howell III, Hideki Matsuyama, Rafa Cabrera Bello, Tommy Fleetwood, Patrick Reed, Henrik Stenson, Kevin Tway, Jimmy Walker, Keegan Bradley, Haotong Li, Corey Conners, Marc Leishman, Trevor Immelman, Cameron Smith, Tyrrell Hatton, Branden Grace, Zach Johnson, Takumi Kanaya, Emiliano Grillo, J.B. Holmes, Alex Noren, Stewart Cink, Justin Rose, Fred Couples, Adam Long, Charl Schwartzel, Shane Lowry, Larry Mize, Angel Cabrera, Jose Maria Olazabal"
55,14,3,"Jason Day, Francesco Molinari, Webb Simpson, Patrick Cantlay, Matt Kuchar, Bubba Watson, Aaron Wise, Patton Kizzire, Kyle Stanley, Viktor Hovland, Hideki Matsuyama, Alvaro Ortiz, Jimmy Walker, Eddie Pepperell, Billy Horschel, Branden Grace, Zach Johnson, Satoshi Kodaira, Bernhard Langer","Brooks Koepka, Justin Harding, Kevin Kisner, Charles Howell III, Rafa Cabrera Bello, Henrik Stenson, Kevin Tway, Keegan Bradley, Trevor Immelman",NA,NA,NA,"Tiger Woods, Dustin Johnson, Xander Schauffele, Tony Finau, Rickie Fowler, Jon Rahm, Ian Poulter, Justin Thomas, Phil Mickelson, Adam Scott, Lucas Bjerregaard, Matthew Fitzpatrick, Si Woo Kim, Rory McIlroy, Thorbjorn Olesen, Jordan Spieth, Bryson DeChambeau, Charley Hoffman, Louis Oosthuizen, Gary Woodland, Tommy Fleetwood, Patrick Reed, Haotong Li, Keith Mitchell, Corey Conners, Andrew Landry, Kevin Na, Kiradech Aphibarnrat, Marc Leishman, Martin Kaymer, Cameron Smith, Devon Bling, Tyrrell Hatton, Takumi Kanaya, Emiliano Grillo, J.B. Holmes, Alex Noren"
56,14,4,"Xander Schauffele, Webb Simpson, Rickie Fowler, Bubba Watson, Patton Kizzire, Charley Hoffman, Viktor Hovland, Keegan Bradley, Haotong Li, Kiradech Aphibarnrat, Bernhard Langer","Justin Thomas, Rafa Cabrera Bello, Alvaro Ortiz, Keith Mitchell, Andrew Landry, Marc Leishman, Martin Kaymer, Billy Horschel, Branden Grace, Takumi Kanaya",NA,NA,NA,"Tiger Woods, Dustin Johnson, Brooks Koepka, Jason Day, Tony Finau, Francesco Molinari, Patrick Cantlay, Jon Rahm, Justin Harding, Matt Kuchar, Ian Poulter, Aaron Wise, Phil Mickelson, Adam Scott, Lucas Bjerregaard, Matthew Fitzpatrick, Si Woo Kim, Kevin Kisner, Rory McIlroy, Thorbjorn Olesen, Jordan Spieth, Kyle Stanley, Bryson DeChambeau, Louis Oosthuizen, Charles Howell III, Hideki Matsuyama, Gary Woodland, Tommy Fleetwood, Patrick Reed, Henrik Stenson, Kevin Tway, Jimmy Walker, Corey Conners, Kevin Na, Trevor Immelman, Eddie Pepperell, Cameron Smith, Devon Bling, Tyrrell Hatton, Zach Johnson, Satoshi Kodaira, Emiliano Grillo, J.B. Holmes, Alex Noren"
57,15,1,"Brooks Koepka, Xander Schauffele, Tony Finau, Francesco Molinari, Rickie Fowler, Justin Harding, Ian Poulter, Bubba Watson, Phil Mickelson, Adam Scott, Lucas Bjerregaard, Si Woo Kim, Kevin Kisner, Rory McIlroy, Bryson DeChambeau, Viktor Hovland, Hideki Matsuyama, Gary Woodland, Rafa Cabrera Bello, Tommy Fleetwood, Patrick Reed, Henrik Stenson, Keegan Bradley, Andrew Landry, Kevin Na, Kiradech Aphibarnrat, Trevor Immelman, Martin Kaymer, Eddie Pepperell, Cameron Smith, Devon Bling, Tyrrell Hatton, Billy Horschel, Branden Grace, Takumi Kanaya, Kevin O'Connell, Justin Rose, Mike Weir, Danny Willett, Charl Schwartzel, Brandt Snedeker, Shugo Imahira, Ian Woosnam","Matt Kuchar, Louis Oosthuizen, Charles Howell III, Sandy Lyle, Larry Mize","Fred Couples, Michael Kim","Keith Mitchell, Corey Conners, Matt Wallace",Stewart Cink,"Tiger Woods, Dustin Johnson, Jason Day, Webb Simpson, Patrick Cantlay, Jon Rahm, Justin Thomas, Aaron Wise, Patton Kizzire, Matthew Fitzpatrick, Thorbjorn Olesen, Jordan Spieth, Kyle Stanley, Charley Hoffman, Alvaro Ortiz, Kevin Tway, Jimmy Walker, Haotong Li, Marc Leishman, Zach Johnson, Satoshi Kodaira, Emiliano Grillo, J.B. Holmes, Bernhard Langer, Alex Noren, Sergio Garcia, Adam Long, Shane Lowry, Jovan Rebula, Paul Casey, Vijay Singh, Angel Cabrera, Jose Maria Olazabal"
58,15,2,"Tiger Woods, Dustin Johnson, Brooks Koepka, Xander Schauffele, Jason Day, Tony Finau, Francesco Molinari, Rickie Fowler, Justin Harding, Matt Kuchar, Aaron Wise, Matthew Fitzpatrick, Si Woo Kim, Kevin Kisner, Thorbjorn Olesen, Bryson DeChambeau, Charley Hoffman, Louis Oosthuizen, Hideki Matsuyama, Rafa Cabrera Bello, Tommy Fleetwood, Kevin Tway, Keegan Bradley, Corey Conners, Trevor Immelman, Martin Kaymer, Eddie Pepperell, Cameron Smith, Tyrrell Hatton, Billy Horschel, Takumi Kanaya, Satoshi Kodaira, Bernhard Langer, Alex Noren, Stewart Cink, Sergio Garcia, Charl Schwartzel, Brandt Snedeker, Jovan Rebula, Michael Kim, Ian Woosnam, Jose Maria Olazabal","Kevin Na, Emiliano Grillo, Justin Rose, Shane Lowry",NA,"Justin Thomas, Adam Scott, Lucas Bjerregaard, Alvaro Ortiz, Kevin O'Connell",NA,"Webb Simpson, Patrick Cantlay, Jon Rahm, Ian Poulter, Bubba Watson, Patton Kizzire, Phil Mickelson, Rory McIlroy, Jordan Spieth, Kyle Stanley, Viktor Hovland, Charles Howell III, Gary Woodland, Patrick Reed, Henrik Stenson, Jimmy Walker, Haotong Li, Keith Mitchell, Andrew Landry, Kiradech Aphibarnrat, Marc Leishman, Devon Bling, Branden Grace, Zach Johnson, J.B. Holmes, Sandy Lyle, Mike Weir, Danny Willett, Fred Couples, Adam Long, Shugo Imahira, Larry Mize, Matt Wallace, Paul Casey, Vijay Singh, Angel Cabrera"
59,15,3,"Tiger Woods, Dustin Johnson, Tony Finau, Francesco Molinari, Patrick Cantlay, Rickie Fowler, Jon Rahm, Justin Harding, Matt Kuchar, Ian Poulter, Justin Thomas, Bubba Watson, Matthew Fitzpatrick, Si Woo Kim, Kevin Kisner, Thorbjorn Olesen, Jordan Spieth, Kyle Stanley, Viktor Hovland, Hideki Matsuyama, Gary Woodland, Rafa Cabrera Bello, Tommy Fleetwood, Patrick Reed, Henrik Stenson, Kevin Tway, Jimmy Walker, Keith Mitchell, Kevin Na, Kiradech Aphibarnrat, Trevor Immelman, Bernhard Langer","Xander Schauffele, Patton Kizzire, Devon Bling","Jason Day, Andrew Landry, Tyrrell Hatton","Brooks Koepka, Lucas Bjerregaard, Rory McIlroy, Marc Leishman",NA,"Webb Simpson, Aaron Wise, Phil Mickelson, Adam Scott, Bryson DeChambeau, Charley Hoffman, Louis Oosthuizen, Charles Howell III, Alvaro Ortiz, Keegan Bradley, Haotong Li, Corey Conners, Martin Kaymer, Eddie Pepperell, Cameron Smith, Billy Horschel, Branden Grace, Zach Johnson, Takumi Kanaya, Satoshi Kodaira, Emiliano Grillo, J.B. Holmes, Alex Noren"
60,15,4,"Tiger Woods, Dustin Johnson, Brooks Koepka, Jason Day, Tony Finau, Rickie Fowler, Ian Poulter, Kevin Kisner, Rory McIlroy, Thorbjorn Olesen, Bryson DeChambeau, Charley Hoffman, Charles Howell III, Gary Woodland, Rafa Cabrera Bello, Alvaro Ortiz, Patrick Reed, Henrik Stenson, Kevin Tway, Jimmy Walker, Haotong Li, Keith Mitchell, Corey Conners, Kiradech Aphibarnrat, Trevor Immelman, Martin Kaymer, Eddie Pepperell, Devon Bling, Tyrrell Hatton, Billy Horschel, Takumi Kanaya","Justin Harding, Justin Thomas, Lucas Bjerregaard, Tommy Fleetwood, Andrew Landry, Marc Leishman, Branden Grace, Satoshi Kodaira","Francesco Molinari, Kevin Na, Bernhard Langer","Patrick Cantlay, Bubba Watson, Kyle Stanley",NA,"Xander Schauffele, Webb Simpson, Jon Rahm, Matt Kuchar, Aaron Wise, Patton Kizzire, Phil Mickelson, Adam Scott, Matthew Fitzpatrick, Si Woo Kim, Jordan Spieth, Louis Oosthuizen, Viktor Hovland, Hideki Matsuyama, Keegan Bradley, Cameron Smith, Zach Johnson, Emiliano Grillo, J.B. Holmes, Alex Noren"
61,16,1,"Dustin Johnson, Jason Day, Ian Poulter, Phil Mickelson, Rory McIlroy, Jordan Spieth, Bryson DeChambeau, Viktor Hovland, Rafa Cabrera Bello, Keith Mitchell, Andrew Landry, Kiradech Aphibarnrat, Marc Leishman, Eddie Pepperell, Cameron Smith, Billy Horschel, Satoshi Kodaira, Stewart Cink, Sandy Lyle, Kevin O'Connell, Shugo Imahira, Ian Woosnam","Matt Kuchar, Aaron Wise, Thorbjorn Olesen, Branden Grace, Justin Rose, Shane Lowry, Jovan Rebula, Angel Cabrera","Matthew Fitzpatrick, Brandt Snedeker, Jose Maria Olazabal",NA,NA,"Tiger Woods, Brooks Koepka, Xander Schauffele, Tony Finau, Francesco Molinari, Webb Simpson, Patrick Cantlay, Rickie Fowler, Jon Rahm, Justin Harding, Justin Thomas, Bubba Watson, Patton Kizzire, Adam Scott, Lucas Bjerregaard, Si Woo Kim, Kevin Kisner, Kyle Stanley, Charley Hoffman, Louis Oosthuizen, Charles Howell III, Hideki Matsuyama, Gary Woodland, Tommy Fleetwood, Alvaro Ortiz, Patrick Reed, Henrik Stenson, Kevin Tway, Jimmy Walker, Keegan Bradley, Haotong Li, Corey Conners, Kevin Na, Trevor Immelman, Martin Kaymer, Devon Bling, Tyrrell Hatton, Zach Johnson, Takumi Kanaya, Emiliano Grillo, J.B. Holmes, Bernhard Langer, Alex Noren, Sergio Garcia, Mike Weir, Danny Willett, Fred Couples, Adam Long, Charl Schwartzel, Larry Mize, Matt Wallace, Paul Casey, Michael Kim, Vijay Singh"
62,16,2,"Jason Day, Matthew Fitzpatrick, Kevin Kisner, Rory McIlroy, Keegan Bradley, Kevin Na, Eddie Pepperell, Devon Bling, Takumi Kanaya, J.B. Holmes, Shane Lowry","Adam Scott, Lucas Bjerregaard, Si Woo Kim, Bryson DeChambeau, Hideki Matsuyama, Andrew Landry, Billy Horschel, Stewart Cink, Adam Long",NA,NA,NA,"Tiger Woods, Dustin Johnson, Brooks Koepka, Xander Schauffele, Tony Finau, Francesco Molinari, Webb Simpson, Patrick Cantlay, Rickie Fowler, Jon Rahm, Justin Harding, Matt Kuchar, Ian Poulter, Justin Thomas, Bubba Watson, Aaron Wise, Patton Kizzire, Phil Mickelson, Thorbjorn Olesen, Jordan Spieth, Kyle Stanley, Charley Hoffman, Louis Oosthuizen, Viktor Hovland, Charles Howell III, Gary Woodland, Rafa Cabrera Bello, Tommy Fleetwood, Alvaro Ortiz, Patrick Reed, Henrik Stenson, Kevin Tway, Jimmy Walker, Haotong Li, Keith Mitchell, Corey Conners, Kiradech Aphibarnrat, Marc Leishman, Trevor Immelman, Martin Kaymer, Cameron Smith, Tyrrell Hatton, Branden Grace, Zach Johnson, Satoshi Kodaira, Emiliano Grillo, Bernhard Langer, Alex Noren, Sergio Garcia, Sandy Lyle, Kevin O'Connell, Justin Rose, Mike Weir, Danny Willett, Fred Couples, Charl Schwartzel, Brandt Snedeker, Shugo Imahira, Larry Mize, Jovan Rebula, Matt Wallace, Paul Casey, Michael Kim, Vijay Singh, Ian Woosnam, Angel Cabrera, Jose Maria Olazabal"
63,16,3,"Tiger Woods, Webb Simpson, Matt Kuchar, Aaron Wise, Patton Kizzire, Rory McIlroy, Henrik Stenson, Jimmy Walker, J.B. Holmes","Adam Scott, Kyle Stanley, Bryson DeChambeau, Charley Hoffman, Viktor Hovland, Tommy Fleetwood, Patrick Reed, Keith Mitchell, Devon Bling",NA,NA,NA,"Dustin Johnson, Brooks Koepka, Xander Schauffele, Jason Day, Tony Finau, Francesco Molinari, Patrick Cantlay, Rickie Fowler, Jon Rahm, Justin Harding, Ian Poulter, Justin Thomas, Bubba Watson, Phil Mickelson, Lucas Bjerregaard, Matthew Fitzpatrick, Si Woo Kim, Kevin Kisner, Thorbjorn Olesen, Jordan Spieth, Louis Oosthuizen, Charles Howell III, Hideki Matsuyama, Gary Woodland, Rafa Cabrera Bello, Alvaro Ortiz, Kevin Tway, Keegan Bradley, Haotong Li, Corey Conners, Andrew Landry, Kevin Na, Kiradech Aphibarnrat, Marc Leishman, Trevor Immelman, Martin Kaymer, Eddie Pepperell, Cameron Smith, Tyrrell Hatton, Billy Horschel, Branden Grace, Zach Johnson, Takumi Kanaya, Satoshi Kodaira, Emiliano Grillo, Bernhard Langer, Alex Noren"
64,16,4,"Tiger Woods, Dustin Johnson, Tony Finau, Jon Rahm, Aaron Wise, Thorbjorn Olesen, Charley Hoffman, Viktor Hovland, Hideki Matsuyama, Alvaro Ortiz, Patrick Reed, Kevin Tway, Haotong Li, Kiradech Aphibarnrat, Marc Leishman, Trevor Immelman, Cameron Smith, Billy Horschel, Zach Johnson, Emiliano Grillo, Alex Noren","Patrick Cantlay, Tyrrell Hatton, Takumi Kanaya","Eddie Pepperell, J.B. Holmes","Justin Thomas, Bryson DeChambeau",NA,"Brooks Koepka, Xander Schauffele, Jason Day, Francesco Molinari, Webb Simpson, Rickie Fowler, Justin Harding, Matt Kuchar, Ian Poulter, Bubba Watson, Patton Kizzire, Phil Mickelson, Adam Scott, Lucas Bjerregaard, Matthew Fitzpatrick, Si Woo Kim, Kevin Kisner, Rory McIlroy, Jordan Spieth, Kyle Stanley, Louis Oosthuizen, Charles Howell III, Gary Woodland, Rafa Cabrera Bello, Tommy Fleetwood, Henrik Stenson, Jimmy Walker, Keegan Bradley, Keith Mitchell, Corey Conners, Andrew Landry, Kevin Na, Martin Kaymer, Devon Bling, Branden Grace, Satoshi Kodaira, Bernhard Langer"
65,17,1,"Justin Harding, Adam Scott, Bryson DeChambeau, Charley Hoffman, Alvaro Ortiz, Justin Rose, Adam Long, Jovan Rebula","Tiger Woods, Jason Day, Tony Finau, Webb Simpson, Patrick Cantlay, Matthew Fitzpatrick, Rory McIlroy, Charles Howell III, Satoshi Kodaira, Alex Noren, Stewart Cink, Danny Willett, Brandt Snedeker, Shugo Imahira, Paul Casey","Aaron Wise, Takumi Kanaya",NA,NA,"Dustin Johnson, Brooks Koepka, Xander Schauffele, Francesco Molinari, Rickie Fowler, Jon Rahm, Matt Kuchar, Ian Poulter, Justin Thomas, Bubba Watson, Patton Kizzire, Phil Mickelson, Lucas Bjerregaard, Si Woo Kim, Kevin Kisner, Thorbjorn Olesen, Jordan Spieth, Kyle Stanley, Louis Oosthuizen, Viktor Hovland, Hideki Matsuyama, Gary Woodland, Rafa Cabrera Bello, Tommy Fleetwood, Patrick Reed, Henrik Stenson, Kevin Tway, Jimmy Walker, Keegan Bradley, Haotong Li, Keith Mitchell, Corey Conners, Andrew Landry, Kevin Na, Kiradech Aphibarnrat, Marc Leishman, Trevor Immelman, Martin Kaymer, Eddie Pepperell, Cameron Smith, Devon Bling, Tyrrell Hatton, Billy Horschel, Branden Grace, Zach Johnson, Emiliano Grillo, J.B. Holmes, Bernhard Langer, Sergio Garcia, Sandy Lyle, Kevin O'Connell, Mike Weir, Fred Couples, Charl Schwartzel, Shane Lowry, Larry Mize, Matt Wallace, Michael Kim, Vijay Singh, Ian Woosnam, Angel Cabrera, Jose Maria Olazabal"
66,17,2,"Justin Harding, Si Woo Kim, Patrick Reed, Henrik Stenson, Keegan Bradley, Cameron Smith, Emiliano Grillo, Adam Long, Shane Lowry, Paul Casey","Bubba Watson, Phil Mickelson, Thorbjorn Olesen, Haotong Li, Keith Mitchell, Martin Kaymer, Zach Johnson, Justin Rose, Mike Weir, Brandt Snedeker, Larry Mize, Michael Kim",Stewart Cink,NA,NA,"Tiger Woods, Dustin Johnson, Brooks Koepka, Xander Schauffele, Jason Day, Tony Finau, Francesco Molinari, Webb Simpson, Patrick Cantlay, Rickie Fowler, Jon Rahm, Matt Kuchar, Ian Poulter, Justin Thomas, Aaron Wise, Patton Kizzire, Adam Scott, Lucas Bjerregaard, Matthew Fitzpatrick, Kevin Kisner, Rory McIlroy, Jordan Spieth, Kyle Stanley, Bryson DeChambeau, Charley Hoffman, Louis Oosthuizen, Viktor Hovland, Charles Howell III, Hideki Matsuyama, Gary Woodland, Rafa Cabrera Bello, Tommy Fleetwood, Alvaro Ortiz, Kevin Tway, Jimmy Walker, Corey Conners, Andrew Landry, Kevin Na, Kiradech Aphibarnrat, Marc Leishman, Trevor Immelman, Eddie Pepperell, Devon Bling, Tyrrell Hatton, Billy Horschel, Branden Grace, Takumi Kanaya, Satoshi Kodaira, J.B. Holmes, Bernhard Langer, Alex Noren, Sergio Garcia, Sandy Lyle, Kevin O'Connell, Danny Willett, Fred Couples, Charl Schwartzel, Shugo Imahira, Jovan Rebula, Matt Wallace, Vijay Singh, Ian Woosnam, Angel Cabrera, Jose Maria Olazabal"
67,17,3,"Patrick Cantlay, Justin Harding, Si Woo Kim, Jordan Spieth, Viktor Hovland, Kevin Tway, Jimmy Walker, Andrew Landry, Eddie Pepperell, Cameron Smith, Devon Bling","Phil Mickelson, Bryson DeChambeau, Charley Hoffman, Charles Howell III, Gary Woodland, Haotong Li, Keith Mitchell, Tyrrell Hatton, Bernhard Langer",J.B. Holmes,NA,NA,"Tiger Woods, Dustin Johnson, Brooks Koepka, Xander Schauffele, Jason Day, Tony Finau, Francesco Molinari, Webb Simpson, Rickie Fowler, Jon Rahm, Matt Kuchar, Ian Poulter, Justin Thomas, Bubba Watson, Aaron Wise, Patton Kizzire, Adam Scott, Lucas Bjerregaard, Matthew Fitzpatrick, Kevin Kisner, Rory McIlroy, Thorbjorn Olesen, Kyle Stanley, Louis Oosthuizen, Hideki Matsuyama, Rafa Cabrera Bello, Tommy Fleetwood, Alvaro Ortiz, Patrick Reed, Henrik Stenson, Keegan Bradley, Corey Conners, Kevin Na, Kiradech Aphibarnrat, Marc Leishman, Trevor Immelman, Martin Kaymer, Billy Horschel, Branden Grace, Zach Johnson, Takumi Kanaya, Satoshi Kodaira, Emiliano Grillo, Alex Noren"
68,17,4,"Dustin Johnson, Francesco Molinari, Rickie Fowler, Kevin Kisner, Kyle Stanley, Gary Woodland, Alvaro Ortiz, Patrick Reed, Kevin Tway, J.B. Holmes","Patrick Cantlay, Ian Poulter, Bubba Watson, Jordan Spieth, Tommy Fleetwood, Henrik Stenson, Trevor Immelman, Devon Bling, Emiliano Grillo, Bernhard Langer",NA,NA,NA,"Tiger Woods, Brooks Koepka, Xander Schauffele, Jason Day, Tony Finau, Webb Simpson, Jon Rahm, Justin Harding, Matt Kuchar, Justin Thomas, Aaron Wise, Patton Kizzire, Phil Mickelson, Adam Scott, Lucas Bjerregaard, Matthew Fitzpatrick, Si Woo Kim, Rory McIlroy, Thorbjorn Olesen, Bryson DeChambeau, Charley Hoffman, Louis Oosthuizen, Viktor Hovland, Charles Howell III, Hideki Matsuyama, Rafa Cabrera Bello, Jimmy Walker, Keegan Bradley, Haotong Li, Keith Mitchell, Corey Conners, Andrew Landry, Kevin Na, Kiradech Aphibarnrat, Marc Leishman, Martin Kaymer, Eddie Pepperell, Cameron Smith, Tyrrell Hatton, Billy Horschel, Branden Grace, Zach Johnson, Takumi Kanaya, Satoshi Kodaira, Alex Noren"
69,18,1,"Francesco Molinari, Matt Kuchar, Phil Mickelson, Adam Scott, Bryson DeChambeau","Justin Harding, Justin Thomas, Aaron Wise, Patton Kizzire, Lucas Bjerregaard, Matthew Fitzpatrick, Rory McIlroy, Viktor Hovland, Charles Howell III, Gary Woodland, Patrick Reed, Haotong Li, Corey Conners, Kevin Na, Marc Leishman, Trevor Immelman, Martin Kaymer, Eddie Pepperell, Tyrrell Hatton, Billy Horschel, Kevin O'Connell, Charl Schwartzel, Shugo Imahira, Larry Mize, Jovan Rebula, Matt Wallace, Vijay Singh, Jose Maria Olazabal","Xander Schauffele, Keegan Bradley, Devon Bling, Paul Casey",NA,NA,"Tiger Woods, Dustin Johnson, Brooks Koepka, Jason Day, Tony Finau, Webb Simpson, Patrick Cantlay, Rickie Fowler, Jon Rahm, Ian Poulter, Bubba Watson, Si Woo Kim, Kevin Kisner, Thorbjorn Olesen, Jordan Spieth, Kyle Stanley, Charley Hoffman, Louis Oosthuizen, Hideki Matsuyama, Rafa Cabrera Bello, Tommy Fleetwood, Alvaro Ortiz, Henrik Stenson, Kevin Tway, Jimmy Walker, Keith Mitchell, Andrew Landry, Kiradech Aphibarnrat, Cameron Smith, Branden Grace, Zach Johnson, Takumi Kanaya, Satoshi Kodaira, Emiliano Grillo, J.B. Holmes, Bernhard Langer, Alex Noren, Stewart Cink, Sergio Garcia, Sandy Lyle, Justin Rose, Mike Weir, Danny Willett, Fred Couples, Adam Long, Brandt Snedeker, Shane Lowry, Michael Kim, Ian Woosnam, Angel Cabrera"
70,18,2,"Brooks Koepka, Xander Schauffele, Patton Kizzire, Hideki Matsuyama, Gary Woodland, Tommy Fleetwood, Alvaro Ortiz, Billy Horschel, Bernhard Langer, Alex Noren","Patrick Cantlay, Justin Harding, Justin Thomas, Lucas Bjerregaard, Keith Mitchell, Corey Conners, Marc Leishman, Branden Grace, Zach Johnson, Emiliano Grillo, Sergio Garcia, Kevin O'Connell, Justin Rose, Danny Willett, Brandt Snedeker, Matt Wallace, Paul Casey, Ian Woosnam, Jose Maria Olazabal","Henrik Stenson, Jovan Rebula, Michael Kim",NA,NA,"Tiger Woods, Dustin Johnson, Jason Day, Tony Finau, Francesco Molinari, Webb Simpson, Rickie Fowler, Jon Rahm, Matt Kuchar, Ian Poulter, Bubba Watson, Aaron Wise, Phil Mickelson, Adam Scott, Matthew Fitzpatrick, Si Woo Kim, Kevin Kisner, Rory McIlroy, Thorbjorn Olesen, Jordan Spieth, Kyle Stanley, Bryson DeChambeau, Charley Hoffman, Louis Oosthuizen, Viktor Hovland, Charles Howell III, Rafa Cabrera Bello, Patrick Reed, Kevin Tway, Jimmy Walker, Keegan Bradley, Haotong Li, Andrew Landry, Kevin Na, Kiradech Aphibarnrat, Trevor Immelman, Martin Kaymer, Eddie Pepperell, Cameron Smith, Devon Bling, Tyrrell Hatton, Takumi Kanaya, Satoshi Kodaira, J.B. Holmes, Stewart Cink, Sandy Lyle, Mike Weir, Fred Couples, Adam Long, Charl Schwartzel, Shugo Imahira, Shane Lowry, Larry Mize, Vijay Singh, Angel Cabrera"
71,18,3,"Ian Poulter, Patton Kizzire, Phil Mickelson, Louis Oosthuizen, Henrik Stenson, Keith Mitchell","Dustin Johnson, Xander Schauffele, Jason Day, Rickie Fowler, Jon Rahm, Aaron Wise, Adam Scott, Rory McIlroy, Thorbjorn Olesen, Viktor Hovland, Charles Howell III, Rafa Cabrera Bello, Alvaro Ortiz, Patrick Reed, Jimmy Walker, Kevin Na, Trevor Immelman, Eddie Pepperell","Hideki Matsuyama, Bernhard Langer",NA,NA,"Tiger Woods, Brooks Koepka, Tony Finau, Francesco Molinari, Webb Simpson, Patrick Cantlay, Justin Harding, Matt Kuchar, Justin Thomas, Bubba Watson, Lucas Bjerregaard, Matthew Fitzpatrick, Si Woo Kim, Kevin Kisner, Jordan Spieth, Kyle Stanley, Bryson DeChambeau, Charley Hoffman, Gary Woodland, Tommy Fleetwood, Kevin Tway, Keegan Bradley, Haotong Li, Corey Conners, Andrew Landry, Kiradech Aphibarnrat, Marc Leishman, Martin Kaymer, Cameron Smith, Devon Bling, Tyrrell Hatton, Billy Horschel, Branden Grace, Zach Johnson, Takumi Kanaya, Satoshi Kodaira, Emiliano Grillo, J.B. Holmes, Alex Noren"
72,18,4,"Jason Day, Webb Simpson, Justin Harding, Aaron Wise, Charles Howell III, Jimmy Walker, Haotong Li, Kevin Na, Kiradech Aphibarnrat, Branden Grace","Tiger Woods, Rickie Fowler, Justin Thomas, Bubba Watson, Matthew Fitzpatrick, Charley Hoffman, Viktor Hovland, Hideki Matsuyama, Tommy Fleetwood, Patrick Reed, Keith Mitchell, Marc Leishman, J.B. Holmes, Alex Noren",Bernhard Langer,NA,NA,"Dustin Johnson, Brooks Koepka, Xander Schauffele, Tony Finau, Francesco Molinari, Patrick Cantlay, Jon Rahm, Matt Kuchar, Ian Poulter, Patton Kizzire, Phil Mickelson, Adam Scott, Lucas Bjerregaard, Si Woo Kim, Kevin Kisner, Rory McIlroy, Thorbjorn Olesen, Jordan Spieth, Kyle Stanley, Bryson DeChambeau, Louis Oosthuizen, Gary Woodland, Rafa Cabrera Bello, Alvaro Ortiz, Henrik Stenson, Kevin Tway, Keegan Bradley, Corey Conners, Andrew Landry, Trevor Immelman, Martin Kaymer, Eddie Pepperell, Cameron Smith, Devon Bling, Tyrrell Hatton, Billy Horschel, Zach Johnson, Takumi Kanaya, Satoshi Kodaira, Emiliano Grillo"
